Location,Gene,Allele,Type,test_stat,pval,cutoff_idx,depth_fold_change,depth_change_pval,times,freqs,LocusID
301,thrA,indel;A;G;+T;-1;T;-2,indel,0.891193,9.999e-05,117,-1.0,0.666667,0;500;1000;1500;2000;2500;3000;3500;4000;4500;5000;5500;6000;6500;7000;7500;8000;8500;9000;9500;10000;10500;11000;11500;12000;12500;13000;13500;14000;14500;15000;15500;16000;16500;17000;17500;18000;18500;19000;19500;20000;20500;21000;22000;22500;23000;23500;24000;24500;25000;25500;26000;26500;27000;27500;28000;28500;29000;29500;30000;30500;31000;31500;32500;33000;33500;34000;34500;35000;35500;36000;36500;37000;37500;38500;39000;39500;40000;40500;41000;41500;42000;42500;43000;43500;44000;44500;45000;45500;46000;46500;47000;47500;48000;49000;49500;50000;50500;51000;51500;52000;52500;53000;53500;54000;54500;55000;55500;56000;56500;57000;57500;58500;59000;59500;60000,0.019801980198019802;0.0;0.014925373134328358;0.01639344262295082;0.0;0.0;0.0;0.08333333333333333;0.0;0.12244897959183673;0.02857142857142857;0.022727272727272728;0.019230769230769232;0.0;0.0;0.0;0.0;0.02;0.0;0.011627906976744186;0.0;0.021739130434782608;0.014084507042253521;0.0;0.0;0.0125;0.057692307692307696;0.0196078431372549;0.0;0.01818181818181818;0.029850746268656716;0.0;0.023809523809523808;0.0;0.0;0.0;0.015873015873015872;0.0;0.036036036036036036;0.0;0.2028985507246377;0.38333333333333336;0.8076923076923077;0.9661016949152542;0.8524590163934426;0.8863636363636364;1.0;0.8918918918918919;0.8888888888888888;0.92;0.8947368421052632;0.5172413793103449;0.8043478260869565;0.8333333333333334;0.8888888888888888;0.75;0.8518518518518519;0.9411764705882353;0.782608695652174;0.8333333333333334;0.7659574468085106;0.78125;0.7619047619047619;0.8947368421052632;0.896551724137931;0.8846153846153846;0.9523809523809523;0.9583333333333334;0.8541666666666666;0.896551724137931;0.9166666666666666;0.9302325581395349;0.875;0.8285714285714286;0.9166666666666666;0.7361111111111112;0.9142857142857143;0.972972972972973;0.8181818181818182;0.9473684210526315;0.7857142857142857;0.782608695652174;0.875;0.8958333333333334;0.907563025210084;0.9285714285714286;1.0;0.8333333333333334;0.9473684210526315;0.9;1.0;0.92;0.8235294117647058;0.85;0.9320388349514563;0.9076923076923077;0.8679245283018868;0.9375;0.7142857142857143;0.8888888888888888;0.9565217391304348;0.9583333333333334;0.8888888888888888;0.7142857142857143;0.9;0.9375;0.9195402298850575;0.9615384615384616;0.9873417721518988;0.9473684210526315;1.0;0.9166666666666666;0.9629629629629629;0.9285714285714286;0.9230769230769231;0.90625,ECB_00002
535,thrA,C->T,missense,1.12421,0.00159984,119,-1.0,0.666667,0;500;1000;1500;2000;2500;3000;3500;4000;4500;5000;5500;6000;6500;7000;7500;8000;8500;9000;9500;10000;10500;11000;11500;12000;12500;13000;13500;14000;14500;15000;15500;16000;16500;17000;17500;18000;18500;19000;19500;20000;20500;21000;22000;22500;23000;23500;24000;24500;25000;25500;26000;26500;27000;27500;28000;28500;29000;29500;30000;30500;31000;31500;32500;33000;33500;34000;34500;35000;35500;36000;36500;37000;37500;38500;39000;39500;40000;40500;41000;41500;42000;42500;43000;43500;44000;44500;45000;45500;46000;46500;47000;47500;48000;49000;49500;50000;50500;51000;51500;52000;52500;53000;53500;54000;54500;55000;55500;56000;56500;57500;58500;59000;59500;60000,0.0;0.0;0.0;0.0;0.0;0.0;0.0;0.0;0.0;0.0;0.0;0.0;0.0;0.0;0.0;0.0;0.0;0.0;0.0;0.0;0.0;0.0;0.0;0.0;0.0;0.0;0.0;0.0;0.0;0.0;0.0;0.0;0.0;0.0;0.0;0.0;0.058823529411764705;0.0196078431372549;0.031914893617021274;0.14583333333333334;0.07272727272727272;0.17073170731707318;0.0;0.10638297872340426;0.07317073170731707;0.12244897959183673;0.11764705882352941;0.28;0.06666666666666667;0.03571428571428571;0.13793103448275862;0.4782608695652174;0.13953488372093023;0.14754098360655737;0.0;0.2;0.04878048780487805;0.0;0.0967741935483871;0.25;0.14705882352941177;0.375;0.07894736842105263;0.21311475409836064;0.03333333333333333;0.10638297872340426;0.03225806451612903;0.0;0.05084745762711865;0.0;0.037037037037037035;0.0;0.0;0.08333333333333333;0.022727272727272728;0.09090909090909091;0.04838709677419355;0.020833333333333332;0.11627906976744186;0.18518518518518517;0.08333333333333333;0.14285714285714285;0.0;0.02702702702702703;0.061224489795918366;0.011235955056179775;0.038461538461538464;0.14285714285714285;0.0;0.0;0.037037037037037035;0.0;0.0;0.05;0.0;0.06956521739130435;0.02912621359223301;0.0;0.0;0.0;0.05;0.0;0.0;0.0;0.0;0.16666666666666666;0.021052631578947368;0.011235955056179775;0.02631578947368421;0.0;0.07692307692307693;0.0;0.017543859649122806;0.0;0.0,ECB_00002
1555,thrA,G->A,missense,3.67862,0.00029997,119,-1.0,0.461538,0;500;1000;1500;2000;2500;3000;3500;4000;4500;5000;5500;6000;6500;7000;7500;8000;8500;9000;9500;10000;10500;11000;11500;12000;12500;13000;13500;14000;14500;15000;15500;16000;16500;17000;17500;18000;18500;19000;19500;20000;20500;21000;22000;22500;23000;23500;24000;24500;25000;25500;26000;26500;27000;27500;28000;28500;29000;29500;30000;30500;31000;31500;32500;33000;33500;34000;34500;35000;35500;36000;36500;37000;37500;38500;39000;39500;40000;40500;41000;41500;42000;42500;43000;43500;44000;44500;45000;45500;46000;46500;47000;47500;48000;48500;49000;49500;50000;50500;51000;51500;52000;52500;53000;53500;54000;54500;55000;55500;56000;56500;57000;57500;58500;59000;59500;60000,0.0;0.0;0.0;0.011235955056179775;0.0;0.0;0.0;0.07692307692307693;0.042735042735042736;0.13709677419354838;0.20454545454545456;0.0;0.008620689655172414;0.0;0.0;0.0;0.0;0.009259259259259259;0.0;0.0;0.006622516556291391;0.0;0.0;0.0;0.0;0.0;0.0;0.0;0.0;0.0;0.008130081300813009;0.0;0.0;0.0;0.0;0.0;0.0;0.008;0.0;0.0;0.0;0.0;0.0;0.0;0.0;0.0;0.0;0.0;0.0;0.0;0.0;0.0;0.0;0.0;0.0;0.0;0.0;0.0;0.0;0.010752688172043012;0.0;0.0;0.0;0.0;0.0;0.0;0.0;0.0;0.006369426751592357;0.0;0.0;0.0;0.0;0.0;0.0;0.006944444444444444;0.0;0.0;0.0;0.0;0.0;0.0;0.0;0.0;0.004784688995215311;0.0;0.0;0.0;0.0;0.0;0.0;0.0;0.0;0.0;0.0;0.007633587786259542;0.0;0.0;0.0;0.0;0.0;0.0;0.0;0.0;0.0;0.0;0.0;0.0;0.0;0.0;0.025;0.0;0.0;0.0;0.0;0.0;0.0,ECB_00002
2098,thrA,A->G,missense,0.815806,9.999e-05,119,-1.0,0.8,0;500;1000;1500;2000;2500;3000;3500;4000;4500;5000;5500;6000;6500;7000;7500;8000;8500;9000;9500;10000;10500;11000;11500;12000;12500;13000;13500;14000;14500;15000;15500;16000;16500;17000;17500;18000;18500;19000;19500;20000;20500;21000;22000;22500;23000;23500;24000;24500;25000;25500;26000;26500;27000;27500;28000;28500;29000;29500;30000;30500;31000;31500;32500;33000;33500;34000;34500;35000;35500;36000;36500;37000;37500;38500;39000;39500;40000;40500;41000;41500;42000;42500;43000;43500;44000;44500;45000;45500;46000;46500;47000;47500;48000;48500;49000;49500;50000;50500;51000;51500;52000;52500;53000;53500;54000;54500;55000;55500;56000;56500;57000;57500;58500;59000;59500;60000,0.005681818181818182;0.0;0.0;0.0;0.0;0.018518518518518517;0.0;0.0;0.0;0.0;0.0;0.0;0.0;0.0;0.0;0.0;0.0;0.0;0.0;0.006802721088435374;0.0;0.0;0.0;0.0;0.0;0.005952380952380952;0.009900990099009901;0.0;0.22123893805309736;0.4166666666666667;0.06060606060606061;0.8095238095238095;0.49206349206349204;0.5321100917431193;0.6565656565656566;0.8904109589041096;0.46534653465346537;0.9176470588235294;0.25625;0.6521739130434783;0.8108108108108109;0.7311827956989247;0.9;0.8870967741935484;0.8910891089108911;0.7878787878787878;0.9375;0.9574468085106383;0.9615384615384616;0.74;0.9433962264150944;0.6;0.881578947368421;0.7790697674418605;0.9347826086956522;0.84;0.8947368421052632;0.9375;0.9230769230769231;0.7068965517241379;0.8125;0.9090909090909091;0.7959183673469388;0.8846153846153846;0.8888888888888888;0.9148936170212766;0.9032258064516129;1.0;0.9175257731958762;1.0;0.8918918918918919;0.96;0.9803921568627451;0.9655172413793104;0.9206349206349206;0.941747572815534;0.9101123595505618;0.9066666666666666;0.8584905660377359;0.9333333333333333;0.9354838709677419;0.8571428571428571;0.7777777777777778;0.8857142857142857;0.901840490797546;0.953125;0.9047619047619048;1.0;0.9473684210526315;0.9545454545454546;0.9787234042553191;0.9583333333333334;0.8695652173913043;0.8421052631578947;1.0;0.9444444444444444;0.9343065693430657;0.9814814814814815;1.0;1.0;0.9230769230769231;0.9259259259259259;0.9615384615384616;1.0;0.9444444444444444;0.9333333333333333;0.8947368421052632;0.9478260869565217;0.9776119402985075;0.9795918367346939;1.0;1.0;0.8571428571428571;0.9655172413793104;0.970873786407767;0.9615384615384616;0.9512195121951219,ECB_00002
2785,thrA,A->G,missense,1.08563,0.00129987,119,-1.0,0.444444,0;500;1000;1500;2000;2500;3000;3500;4000;4500;5000;5500;6000;6500;7000;7500;8000;8500;9000;9500;10000;10500;11000;11500;12000;12500;13000;13500;14000;14500;15000;15500;16000;16500;17000;17500;18000;18500;19000;19500;20000;20500;21000;22000;22500;23000;23500;24000;24500;25000;25500;26000;26500;27000;27500;28000;28500;29000;29500;30000;30500;31000;31500;32500;33000;33500;34000;34500;35000;35500;36000;36500;37000;37500;38500;39000;39500;40000;40500;41000;41500;42000;42500;43000;43500;44000;44500;45000;45500;46000;46500;47000;47500;48000;48500;49000;49500;50000;50500;51000;51500;52000;52500;53000;53500;54000;54500;55000;55500;56000;56500;57000;57500;58500;59000;59500;60000,0.0;0.0;0.0;0.0;0.0;0.0;0.0;0.0;0.0;0.0;0.0;0.0;0.0;0.0;0.0;0.0;0.0;0.0;0.0;0.00625;0.0;0.0;0.0;0.0;0.0;0.00847457627118644;0.0;0.0;0.0;0.0;0.19708029197080293;0.032;0.2987012987012987;0.41904761904761906;0.29310344827586204;0.08771929824561403;0.3793103448275862;0.0673076923076923;0.6230769230769231;0.3620689655172414;0.1523809523809524;0.19205298013245034;0.10344827586206896;0.06923076923076923;0.1566265060240964;0.10596026490066225;0.0945945945945946;0.09009009009009009;0.08928571428571429;0.061855670103092786;0.1702127659574468;0.45;0.19047619047619047;0.2;0.06722689075630252;0.12048192771084337;0.07692307692307693;0.09523809523809523;0.1346153846153846;0.20270270270270271;0.1643835616438356;0.10256410256410256;0.12087912087912088;0.07207207207207207;0.06015037593984962;0.10344827586206896;0.05454545454545454;0.0;0.018867924528301886;0.0;0.047058823529411764;0.0;0.014492753623188406;0.013513513513513514;0.0380952380952381;0.06870229007633588;0.07692307692307693;0.08125;0.11971830985915492;0.029411764705882353;0.027777777777777776;0.1111111111111111;0.07142857142857142;0.01904761904761905;0.06896551724137931;0.016129032258064516;0.0;0.047619047619047616;0.0;0.0;0.024390243902439025;0.03571428571428571;0.07894736842105263;0.02857142857142857;0.0;0.029411764705882353;0.029411764705882353;0.011764705882352941;0.041666666666666664;0.0;0.0;0.07407407407407407;0.07407407407407407;0.06666666666666667;0.037037037037037035;0.023809523809523808;0.0;0.005649717514124294;0.02857142857142857;0.016483516483516484;0.045454545454545456;0.0;0.0;0.024390243902439025;0.0;0.022727272727272728;0.041666666666666664,ECB_00002
2942,thrB,A->G,missense,1.44689,9.999e-05,119,-1.0,0.923077,0;500;1000;1500;2000;2500;3000;3500;4000;4500;5000;5500;6000;6500;7000;7500;8000;8500;9000;9500;10000;10500;11000;11500;12000;12500;13000;13500;14000;14500;15000;15500;16000;16500;17000;17500;18000;18500;19000;19500;20000;20500;21000;22000;22500;23000;23500;24000;24500;25000;25500;26000;26500;27000;27500;28000;28500;29000;29500;30000;30500;31000;31500;32500;33000;33500;34000;34500;35000;35500;36000;36500;37000;37500;38500;39000;39500;40000;40500;41000;41500;42000;42500;43000;43500;44000;44500;45000;45500;46000;46500;47000;47500;48000;48500;49000;49500;50000;50500;51000;51500;52000;52500;53000;53500;54000;54500;55000;55500;56000;56500;57000;57500;58500;59000;59500;60000,0.006535947712418301;0.0;0.0;0.0;0.0;0.0;0.0;0.0;0.0;0.0;0.0;0.0;0.0;0.0;0.0;0.0;0.0;0.0;0.0;0.0;0.0;0.0;0.0;0.0;0.0;0.0;0.0;0.0;0.0;0.0;0.0;0.0;0.0;0.0;0.0;0.0;0.0078125;0.009345794392523364;0.0;0.0;0.0;0.0;0.0;0.0;0.0;0.010101010101010102;0.0;0.0;0.0;0.0;0.0;0.0;0.0;0.0;0.0;0.0;0.0;0.0;0.0;0.0;0.0;0.0;0.0;0.038834951456310676;0.12244897959183673;0.12389380530973451;0.015625;0.009433962264150943;0.07228915662650602;0.04081632653061224;0.39215686274509803;0.7777777777777778;0.8571428571428571;0.9583333333333334;0.8791208791208791;0.8598130841121495;0.9012345679012346;0.8811881188118812;0.7934782608695652;0.9629629629629629;0.7878787878787878;0.9512195121951219;1.0;0.9864864864864865;0.87;0.972027972027972;1.0;0.9333333333333333;1.0;1.0;0.9534883720930233;0.9090909090909091;0.9024390243902439;0.896551724137931;1.0;0.9891304347826086;0.9517241379310345;0.978494623655914;1.0;0.9166666666666666;1.0;1.0;0.9411764705882353;1.0;0.8888888888888888;0.9393939393939394;1.0;0.9772727272727273;0.9354838709677419;0.9612403100775194;0.9642857142857143;1.0;0.9166666666666666;1.0;1.0;0.96;0.9591836734693877,ECB_00003
7551,yaaJ,C->T,missense,0.976505,9.999e-05,119,-1.0,0.666667,0;500;1000;1500;2000;2500;3000;3500;4000;4500;5000;5500;6000;6500;7000;7500;8000;8500;9000;9500;10000;10500;11000;11500;12000;12500;13000;13500;14000;14500;15000;15500;16000;16500;17000;17500;18000;18500;19000;19500;20000;20500;21000;22000;22500;23000;23500;24000;24500;25000;25500;26000;26500;27000;27500;28000;28500;29000;29500;30000;30500;31000;31500;32500;33000;33500;34000;34500;35000;35500;36000;36500;37000;37500;38500;39000;39500;40000;40500;41000;41500;42000;42500;43000;43500;44000;44500;45000;45500;46000;46500;47000;47500;48000;48500;49000;49500;50000;50500;51000;51500;52000;52500;53000;53500;54000;54500;55000;55500;56000;56500;57000;57500;58500;59000;59500;60000,0.0;0.0;0.0;0.0;0.0;0.0;0.0;0.0;0.0;0.0;0.0;0.0;0.0;0.0;0.0;0.0;0.0;0.0;0.0;0.0;0.0;0.0;0.0;0.0;0.0;0.0;0.0;0.0;0.0;0.0;0.0;0.0;0.0;0.0;0.0;0.0;0.0;0.0;0.0;0.05343511450381679;0.0989010989010989;0.06164383561643835;0.11267605633802817;0.0547945205479452;0.09375;0.058823529411764705;0.06741573033707865;0.0970873786407767;0.08064516129032258;0.125;0.056338028169014086;0.345679012345679;0.14184397163120568;0.20300751879699247;0.04861111111111111;0.10638297872340426;0.04093567251461988;0.03508771929824561;0.14285714285714285;0.15217391304347827;0.09523809523809523;0.11214953271028037;0.08653846153846154;0.08130081300813008;0.05185185185185185;0.14736842105263157;0.0641025641025641;0.0;0.10377358490566038;0.0196078431372549;0.0;0.046153846153846156;0.0;0.0;0.06862745098039216;0.11428571428571428;0.08695652173913043;0.06060606060606061;0.1069182389937107;0.02702702702702703;0.0;0.19444444444444445;0.0;0.043478260869565216;0.05142857142857143;0.026490066225165563;0.0;0.0;0.05405405405405406;0.027777777777777776;0.06666666666666667;0.10714285714285714;0.0;0.0;0.0;0.017391304347826087;0.03608247422680412;0.025157232704402517;0.0;0.09090909090909091;0.0;0.0;0.05405405405405406;0.0;0.02564102564102564;0.08333333333333333;0.03571428571428571;0.022988505747126436;0.05154639175257732;0.02;0.037037037037037035;0.0;0.022727272727272728;0.03125;0.011235955056179775;0.0;0.06666666666666667,ECB_00007
9907,intergenic,indel;+G;-1;+GG,indel,1.6609,0.00959904,119,-1.0,0.193548,0;500;1000;1500;2000;2500;3000;3500;4000;4500;5000;5500;6000;6500;7000;7500;8000;8500;9000;9500;10000;10500;11000;11500;12000;12500;13000;13500;14000;14500;15000;15500;16000;16500;17000;17500;18000;18500;19000;19500;20000;20500;21000;22000;22500;23000;23500;24000;24500;25000;25500;26000;26500;27000;27500;28000;28500;29000;29500;30000;30500;31000;31500;32500;33000;33500;34000;34500;35000;35500;36000;36500;37000;37500;38500;39000;39500;40000;40500;41000;41500;42000;42500;43000;43500;44000;44500;45000;45500;46000;46500;47000;47500;48000;48500;49000;49500;50000;50500;51000;51500;52000;52500;53000;53500;54000;54500;55000;55500;56000;56500;57000;57500;58500;59000;59500;60000,0.0;0.0;0.0;0.0;0.02;0.0;0.0;0.0;0.0;0.0;0.0;0.0;0.0;0.0;0.0;0.0;0.0;0.008264462809917356;0.0070921985815602835;0.0;0.007352941176470588;0.035398230088495575;0.044642857142857144;0.024691358024691357;0.0;0.019801980198019802;0.02654867256637168;0.006711409395973154;0.01098901098901099;0.0;0.010638297872340425;0.00980392156862745;0.025;0.013157894736842105;0.009900990099009901;0.015625;0.0;0.0;0.0;0.009523809523809525;0.012195121951219513;0.0;0.0;0.0;0.0;0.013888888888888888;0.0;0.0;0.0;0.0;0.0;0.0;0.0;0.0;0.0;0.0;0.0;0.1875;0.11320754716981132;0.0392156862745098;0.017241379310344827;0.03773584905660377;0.015151515151515152;0.0;0.01282051282051282;0.0;0.0;0.018691588785046728;0.0;0.0;0.0;0.0;0.0;0.0;0.0;0.0;0.018018018018018018;0.0;0.015151515151515152;0.0;0.0;0.024390243902439025;0.0;0.0;0.0053475935828877;0.0;0.0;0.0;0.0;0.0;0.0;0.0;0.0;0.0;0.0;0.015503875968992248;0.0;0.0;0.0;0.0;0.0;0.03225806451612903;0.0;0.0;0.0;0.0;0.0;0.0;0.0;0.0;0.0;0.0;0.0;0.0;0.0;0.0;0.0,
14284,dnaJ,A->G,missense,4.67889,0.00019998,119,-1.0,0.166667,0;500;1000;1500;2000;2500;3000;3500;4000;4500;5000;5500;6000;6500;7000;7500;8000;8500;9000;9500;10000;10500;11000;11500;12000;12500;13000;13500;14000;14500;15000;15500;16000;16500;17000;17500;18000;18500;19000;19500;20000;20500;21000;22000;22500;23000;23500;24000;24500;25000;25500;26000;26500;27000;27500;28000;28500;29000;29500;30000;30500;31000;31500;32500;33000;33500;34000;34500;35000;35500;36000;36500;37000;37500;38500;39000;39500;40000;40500;41000;41500;42000;42500;43000;43500;44000;44500;45000;45500;46000;46500;47000;47500;48000;48500;49000;49500;50000;50500;51000;51500;52000;52500;53000;53500;54000;54500;55000;55500;56000;56500;57000;57500;58500;59000;59500;60000,0.0;0.0;0.0;0.0;0.0;0.0;0.0;0.0;0.0;0.0;0.0;0.0;0.0;0.0;0.0;0.0;0.0;0.0;0.0;0.0;0.0;0.0;0.0;0.0;0.0;0.0;0.0;0.0;0.0;0.0;0.0;0.0;0.0;0.0;0.0;0.0;0.0;0.0;0.0;0.0;0.0;0.0;0.0;0.0;0.0;0.0;0.0;0.0;0.0;0.0;0.0;0.0;0.0;0.0;0.0;0.0;0.0;0.0;0.029850746268656716;0.0;0.046875;0.29508196721311475;0.2926829268292683;0.27350427350427353;0.023809523809523808;0.0;0.0;0.0;0.0;0.0;0.0;0.0;0.0;0.0;0.0;0.0;0.0;0.0;0.0;0.0;0.0;0.02857142857142857;0.0;0.0;0.0;0.0;0.0;0.0;0.0;0.0;0.0;0.0;0.0;0.0;0.0;0.0;0.0;0.0;0.0;0.0;0.0;0.0;0.0;0.0;0.0;0.0;0.0;0.0;0.0;0.0;0.0;0.0;0.0;0.0;0.0;0.0;0.0,ECB_00015
14866,dnaJ,C->T,missense,0.797314,9.999e-05,119,-1.0,0.8,0;500;1000;1500;2000;2500;3000;3500;4000;4500;5000;5500;6000;6500;7000;7500;8000;8500;9000;9500;10000;10500;11000;11500;12000;12500;13000;13500;14000;14500;15000;15500;16000;16500;17000;17500;18000;18500;19000;19500;20000;20500;21000;22000;22500;23000;23500;24000;24500;25000;25500;26000;26500;27000;27500;28000;28500;29000;29500;30000;30500;31000;31500;32500;33000;33500;34000;34500;35000;35500;36000;36500;37000;37500;38500;39000;39500;40000;40500;41000;41500;42000;42500;43000;43500;44000;44500;45000;45500;46000;46500;47000;47500;48000;48500;49000;49500;50000;50500;51000;51500;52000;52500;53000;53500;54000;54500;55000;55500;56000;56500;57000;57500;58500;59000;59500;60000,0.0;0.0;0.0;0.0;0.0;0.0;0.0;0.0;0.0;0.0;0.0;0.0;0.0;0.031446540880503145;0.00819672131147541;0.18085106382978725;0.6419753086419753;0.9612403100775194;0.9404761904761905;0.9738562091503268;0.9810126582278481;0.991869918699187;0.888;0.9879518072289156;0.9516129032258065;0.9672131147540983;0.904;0.3716216216216216;0.8932038834951457;0.5714285714285714;0.24074074074074073;0.9473684210526315;0.6875;0.7286821705426356;0.7415730337078652;0.925;0.5905511811023622;0.8979591836734694;0.2684563758389262;0.680672268907563;0.9054054054054054;0.7719298245614035;0.8992248062015504;0.8726114649681529;0.91875;0.8741721854304636;0.9482758620689655;0.9357798165137615;0.9365079365079365;0.8735632183908046;0.9320388349514563;0.47540983606557374;0.831081081081081;0.8085106382978723;0.9202898550724637;0.875;0.93048128342246;0.9285714285714286;0.8476190476190476;0.7794117647058824;0.8297872340425532;0.9;0.9333333333333333;0.8173913043478261;0.9210526315789473;0.8680555555555556;0.9117647058823529;1.0;0.9672131147540983;0.9178082191780822;0.9710144927536232;0.9714285714285714;0.9534883720930233;0.9672131147540983;0.9115646258503401;0.8541666666666666;0.9419354838709677;0.8881578947368421;0.9345238095238095;1.0;0.9696969696969697;0.8;1.0;0.9368421052631579;0.933649289099526;0.9781021897810219;0.972972972972973;0.9285714285714286;1.0;1.0;0.9272727272727272;1.0;1.0;0.9642857142857143;1.0;0.9428571428571428;0.9516908212560387;0.9640718562874252;1.0;1.0;1.0;1.0;0.9787234042553191;1.0;0.95;1.0;1.0;0.96;0.9680851063829787;0.958974358974359;0.9473684210526315;1.0;0.9759036144578314;1.0;0.9074074074074074;1.0;0.9166666666666666,ECB_00015
18152,nhaA,indel;A;+A;+G;G;+2;-1;T;+GG;+T,indel,0.644675,9.999e-05,119,-1.0,0.235294,0;500;1000;1500;2000;2500;3000;3500;4000;4500;5000;5500;6000;6500;7000;7500;8000;8500;9000;9500;10000;10500;11000;11500;12000;12500;13000;13500;14000;14500;15000;15500;16000;16500;17000;17500;18000;18500;19000;19500;20000;20500;21000;22000;22500;23000;23500;24000;24500;25000;25500;26000;26500;27000;27500;28000;28500;29000;29500;30000;30500;31000;31500;32500;33000;33500;34000;34500;35000;35500;36000;36500;37000;37500;38500;39000;39500;40000;40500;41000;41500;42000;42500;43000;43500;44000;44500;45000;45500;46000;46500;47000;47500;48000;48500;49000;49500;50000;50500;51000;51500;52000;52500;53000;53500;54000;54500;55000;55500;56000;56500;57000;57500;58500;59000;59500;60000,0.0;0.0;0.0;0.0;0.0;0.0;0.0;0.0;0.0;0.006535947712418301;0.0;0.0;0.0;0.0;0.0;0.19047619047619047;0.5873015873015873;0.861878453038674;0.842391304347826;0.9709302325581395;0.9818181818181818;0.7397260273972602;0.7763157894736842;0.7925925925925926;0.859375;0.9341317365269461;0.7595628415300546;0.3315508021390374;0.6585365853658537;0.5157894736842106;0.2361111111111111;0.8780487804878049;0.512987012987013;0.5789473684210527;0.7753623188405797;0.7121212121212122;0.467005076142132;0.8284023668639053;0.2604166666666667;0.60625;0.6845637583892618;0.7965116279069767;0.7676767676767676;0.8103448275862069;0.84;0.8465608465608465;0.8264462809917356;0.8145161290322581;0.8831168831168831;0.7608695652173914;0.7663551401869159;0.41739130434782606;0.7455621301775148;0.7783783783783784;0.9594594594594594;0.8725490196078431;0.8633879781420765;0.8775510204081632;0.7604166666666666;0.671875;0.7741935483870968;0.7862595419847328;0.8034188034188035;0.7914110429447853;0.7529411764705882;0.8113207547169812;0.819672131147541;0.9408284023668639;0.821917808219178;0.8556701030927835;0.8636363636363636;0.9428571428571428;0.8275862068965517;0.8620689655172413;0.810126582278481;0.8092485549132948;0.8620689655172413;0.7835051546391752;0.821256038647343;0.7959183673469388;0.7755102040816326;0.6949152542372882;0.7391304347826086;0.7828571428571428;0.8461538461538461;0.8484848484848485;0.8043478260869565;0.8387096774193549;0.8148148148148148;0.8181818181818182;0.8714285714285714;0.9056603773584906;0.7959183673469388;0.8;0.75;0.8265895953757225;0.9076923076923077;0.8366336633663366;0.8064516129032258;0.6666666666666666;0.8333333333333334;0.75;0.8461538461538461;0.78125;0.8518518518518519;0.8857142857142857;0.9666666666666667;0.8711340206185567;0.7843866171003717;0.9186602870813397;0.8484848484848485;0.8571428571428571;0.8620689655172413;0.8409090909090909;0.8601398601398601;0.7903225806451613;0.8103448275862069,ECB_00018
19627,intergenic,indel;-1,indel,4.05631,0.0009999,119,-1.0,0.923077,0;500;1000;1500;2000;2500;3000;3500;4000;4500;5000;5500;6000;6500;7000;7500;8000;8500;9000;9500;10000;10500;11000;11500;12000;12500;13000;13500;14000;14500;15000;15500;16000;16500;17000;17500;18000;18500;19000;19500;20000;20500;21000;22000;22500;23000;23500;24000;24500;25000;25500;26000;26500;27000;27500;28000;28500;29000;29500;30000;30500;31000;31500;32500;33000;33500;34000;34500;35000;35500;36000;36500;37000;37500;38500;39000;39500;40000;40500;41000;41500;42000;42500;43000;43500;44000;44500;45000;45500;46000;46500;47000;47500;48000;48500;49000;49500;50000;50500;51000;51500;52000;52500;53000;53500;54000;54500;55000;55500;56000;56500;57000;57500;58500;59000;59500;60000,0.0;0.0;0.0;0.0;0.0;0.0;0.0;0.0;0.0;0.0;0.0;0.0;0.0;0.0;0.0;0.0;0.0;0.0;0.0;0.0;0.0;0.0;0.0;0.0;0.0;0.0;0.0;0.0;0.0;0.0;0.0;0.0;0.0;0.0;0.0;0.0;0.0;0.0;0.0;0.0;0.0;0.0;0.0;0.0;0.0;0.0;0.0;0.0;0.0;0.0;0.0;0.0;0.0;0.0;0.0;0.0;0.0;0.0;0.0;0.0;0.0;0.0;0.0;0.0;0.0;0.0;0.0;0.0;0.0;0.0;0.0;0.0;0.0;0.0;0.022727272727272728;0.04878048780487805;0.2857142857142857;0.023076923076923078;0.0;0.0;0.0;0.0;0.0;0.0;0.0;0.0;0.0;0.0;0.0;0.0;0.0;0.0;0.0;0.0;0.0;0.0;0.0;0.0;0.0;0.0;0.0;0.0;0.0;0.0;0.0;0.0;0.0;0.0;0.0;0.0;0.0;0.0;0.0;0.0;0.0;0.0;0.0,
24281,ECB_00025,A->G,missense,3.61557,0.0029997,119,-1.0,0.545455,0;500;1000;1500;2000;2500;3000;3500;4000;4500;5000;5500;6000;6500;7000;7500;8000;8500;9000;9500;10000;10500;11000;11500;12000;12500;13000;13500;14000;14500;15000;15500;16000;16500;17000;17500;18000;18500;19000;19500;20000;20500;21000;22000;22500;23000;23500;24000;24500;25000;25500;26000;26500;27000;27500;28000;28500;29000;29500;30000;30500;31000;31500;32500;33000;33500;34000;34500;35000;35500;36000;36500;37000;37500;38500;39000;39500;40000;40500;41000;41500;42000;42500;43000;43500;44000;44500;45000;45500;46000;46500;47000;47500;48000;48500;49000;49500;50000;50500;51000;51500;52000;52500;53000;53500;54000;54500;55000;55500;56000;56500;57000;57500;58500;59000;59500;60000,0.0;0.0;0.0;0.0;0.0;0.0;0.0;0.0;0.0;0.0;0.0;0.0;0.0;0.0;0.008264462809917356;0.03125;0.0;0.0;0.0;0.0;0.0;0.0;0.0;0.0;0.0;0.004830917874396135;0.0;0.0;0.0;0.0;0.0;0.0;0.0;0.0;0.0;0.0;0.0;0.0;0.0;0.014285714285714285;0.04597701149425287;0.15384615384615385;0.0;0.0;0.0;0.0;0.0;0.0;0.0;0.0;0.0;0.0;0.0;0.0;0.0;0.0;0.0;0.0;0.0;0.0;0.0;0.0;0.0;0.0;0.0;0.0;0.0;0.0;0.0;0.0;0.0;0.0;0.0;0.0;0.0;0.0;0.0;0.0;0.0;0.0;0.0;0.0;0.0;0.011904761904761904;0.0;0.0;0.0;0.0;0.0;0.0;0.0;0.0;0.0;0.0;0.0;0.0;0.004166666666666667;0.0;0.0;0.0;0.0;0.0;0.0;0.0;0.0;0.0;0.0;0.005813953488372093;0.0;0.005780346820809248;0.0;0.0;0.0;0.0;0.0;0.0;0.0,ECB_00025
26551,ileS,C->T,missense,3.55146,0.00109989,119,-1.0,0.363636,0;500;1000;1500;2000;2500;3000;3500;4000;4500;5000;5500;6000;6500;7000;7500;8000;8500;9000;9500;10000;10500;11000;11500;12000;12500;13000;13500;14000;14500;15000;15500;16000;16500;17000;17500;18000;18500;19000;19500;20000;20500;21000;22000;22500;23000;23500;24000;24500;25000;25500;26000;26500;27000;27500;28000;28500;29000;29500;30000;30500;31000;31500;32500;33000;33500;34000;34500;35000;35500;36000;36500;37000;37500;38500;39000;39500;40000;40500;41000;41500;42000;42500;43000;43500;44000;44500;45000;45500;46000;46500;47000;47500;48000;49000;49500;50000;50500;51500;52000;52500;53000;53500;54000;54500;55000;55500;56000;56500;57000;57500;58500;59000;59500;60000,0.0;0.0;0.0;0.0;0.0;0.0;0.0;0.0;0.0;0.0;0.0;0.0;0.0;0.0;0.0;0.0;0.0;0.0;0.0;0.006493506493506494;0.0;0.0;0.0;0.0;0.0;0.014388489208633094;0.0;0.01764705882352941;0.14655172413793102;0.10666666666666667;0.05737704918032787;0.018518518518518517;0.0;0.0;0.0;0.0;0.0;0.0;0.0;0.0;0.0;0.0;0.01639344262295082;0.0;0.0;0.0;0.0;0.0;0.0;0.0;0.014492753623188406;0.0;0.0;0.0;0.0;0.0;0.0;0.0;0.0;0.0;0.0;0.0;0.0;0.0;0.0;0.0;0.0;0.0;0.0;0.0;0.0;0.0;0.0;0.0;0.0;0.0;0.0;0.0;0.0;0.0;0.0;0.0;0.0;0.0;0.0;0.0;0.0;0.0;0.0;0.0;0.0;0.0;0.0;0.0;0.0;0.0;0.0;0.0;0.0;0.0;0.0;0.0;0.0;0.0;0.0;0.0;0.0;0.0;0.0;0.0;0.0;0.0;0.0;0.0;0.0,ECB_00030
30371,ispH,C->T,missense,0.879776,0.00129987,119,-1.0,0.705882,0;500;1000;1500;2000;2500;3000;3500;4000;4500;5000;5500;6000;6500;7000;7500;8000;8500;9000;9500;10000;10500;11000;11500;12000;12500;13000;13500;14000;14500;15000;15500;16000;16500;17000;17500;18000;18500;19000;19500;20000;20500;21000;22000;22500;23000;23500;24000;24500;25000;25500;26000;26500;27000;27500;28000;28500;29000;29500;30000;30500;31000;31500;32500;33000;33500;34000;34500;35000;35500;36000;36500;37000;37500;38500;39000;39500;40000;40500;41000;41500;42000;42500;43000;43500;44000;44500;45000;45500;46000;46500;47000;47500;48000;48500;49000;49500;50000;50500;51000;51500;52000;52500;53000;53500;54000;54500;55000;55500;56000;56500;57000;57500;58500;59000;59500;60000,0.0;0.0;0.0;0.0;0.0;0.0;0.0;0.0;0.0;0.0;0.0;0.0;0.0;0.0070921985815602835;0.0078125;0.125;0.039473684210526314;0.0;0.037267080745341616;0.013071895424836602;0.024793388429752067;0.058823529411764705;0.09243697478991597;0.03409090909090909;0.044444444444444446;0.01680672268907563;0.13402061855670103;0.5984848484848485;0.14615384615384616;0.44871794871794873;0.784;0.010869565217391304;0.32432432432432434;0.40476190476190477;0.2376237623762376;0.21794871794871795;0.41044776119402987;0.08256880733944955;0.7426470588235294;0.27710843373493976;0.14772727272727273;0.3;0.10526315789473684;0.007518796992481203;0.07563025210084033;0.07913669064748201;0.09859154929577464;0.10843373493975904;0.022222222222222223;0.08620689655172414;0.058823529411764705;0.3333333333333333;0.13709677419354838;0.13043478260869565;0.06666666666666667;0.08791208791208792;0.07563025210084033;0.022222222222222223;0.16831683168316833;0.26262626262626265;0.14102564102564102;0.14102564102564102;0.14285714285714285;0.1322314049586777;0.09243697478991597;0.0967741935483871;0.04225352112676056;0.0;0.05185185185185185;0.03333333333333333;0.037037037037037035;0.08235294117647059;0.0;0.027777777777777776;0.12686567164179105;0.04964539007092199;0.06779661016949153;0.07746478873239436;0.08411214953271028;0.07142857142857142;0.05555555555555555;0.030303030303030304;0.0;0.0379746835443038;0.05339805825242718;0.03804347826086957;0.02564102564102564;0.0;0.03225806451612903;0.08163265306122448;0.0196078431372549;0.04081632653061224;0.0;0.06451612903225806;0.0;0.038834951456310676;0.03608247422680412;0.039473684210526314;0.07407407407407407;0.08333333333333333;0.06451612903225806;0.0;0.025;0.06896551724137931;0.0;0.047619047619047616;0.15789473684210525;0.028735632183908046;0.04371584699453552;0.025806451612903226;0.03333333333333333;0.0;0.0;0.0;0.017094017094017096;0.0;0.0392156862745098,ECB_00033
31411,rihC,C->T,missense,1.1688,9.999e-05,119,-1.0,0.461538,0;500;1000;1500;2000;2500;3000;3500;4000;4500;5000;5500;6000;6500;7000;7500;8000;8500;9000;9500;10000;10500;11000;11500;12000;12500;13000;13500;14000;14500;15000;15500;16000;16500;17000;17500;18000;18500;19000;19500;20000;20500;21000;22000;22500;23000;23500;24000;24500;25000;25500;26000;26500;27000;27500;28000;28500;29000;29500;30000;30500;31000;31500;32500;33000;33500;34000;34500;35000;35500;36000;36500;37000;37500;38500;39000;39500;40000;40500;41000;41500;42000;42500;43000;43500;44000;44500;45000;45500;46000;46500;47000;47500;48000;48500;49000;49500;50000;50500;51500;52000;52500;53000;53500;54000;54500;55000;55500;56000;56500;57500;58500;59000;59500;60000,0.0;0.034482758620689655;0.0;0.0;0.0;0.0;0.0;0.0;0.0;0.0;0.0;0.0;0.0;0.0;0.0;0.0;0.0;0.0;0.0;0.0;0.0;0.0;0.0;0.0;0.0;0.0;0.0;0.0;0.0;0.0;0.0;0.0;0.0;0.0;0.0;0.030303030303030304;0.013888888888888888;0.0;0.08;0.023255813953488372;0.05263157894736842;0.06944444444444445;0.021739130434782608;0.07792207792207792;0.125;0.05;0.020833333333333332;0.037037037037037035;0.10810810810810811;0.15384615384615385;0.05555555555555555;0.359375;0.20270270270270271;0.19047619047619047;0.1590909090909091;0.20512820512820512;0.14864864864864866;0.09375;0.15555555555555556;0.29850746268656714;0.17777777777777778;0.07692307692307693;0.11363636363636363;0.0625;0.016129032258064516;0.07792207792207792;0.03225806451612903;0.0;0.018518518518518517;0.05405405405405406;0.034482758620689655;0.09375;0.0;0.0;0.014705882352941176;0.11428571428571428;0.017857142857142856;0.03333333333333333;0.14285714285714285;0.05;0.1;0.05555555555555555;0.08333333333333333;0.1724137931034483;0.10071942446043165;0.02631578947368421;0.13636363636363635;0.06666666666666667;0.0;0.10526315789473684;0.058823529411764705;0.0;0.07692307692307693;0.03333333333333333;0.0;0.0;0.009900990099009901;0.028985507246376812;0.0;0.0;0.0;0.0;0.0;0.05;0.030303030303030304;0.0;0.056179775280898875;0.021052631578947368;0.020833333333333332;0.08695652173913043;0.06896551724137931;0.0;0.05263157894736842;0.08695652173913043;0.0,ECB_00034
31719,rihC,A->G,missense,0.965852,9.999e-05,119,-1.0,1.0,0;500;1000;1500;2000;2500;3000;3500;4000;4500;5000;5500;6000;6500;7000;7500;8000;8500;9000;9500;10000;10500;11000;11500;12000;12500;13000;13500;14000;14500;15000;15500;16000;16500;17000;17500;18000;18500;19000;19500;20000;20500;21000;22000;22500;23000;23500;24000;24500;25000;25500;26000;26500;27000;27500;28000;28500;29000;29500;30000;30500;31000;31500;32500;33000;33500;34000;34500;35000;35500;36000;36500;37000;37500;38500;39000;39500;40000;40500;41000;41500;42000;42500;43000;43500;44000;44500;45000;45500;46000;46500;47000;47500;48000;48500;49000;49500;50000;50500;51000;51500;52000;52500;53000;53500;54000;54500;55000;55500;56000;56500;57000;57500;58500;59000;59500;60000,0.0;0.0;0.0;0.0;0.0;0.0;0.0;0.0;0.008928571428571428;0.0;0.0;0.0;0.0;0.0;0.0;0.0;0.0;0.0;0.0;0.023391812865497075;0.0;0.0;0.0;0.0;0.0;0.016129032258064516;0.0;0.015384615384615385;0.0;0.0;0.017543859649122806;0.0;0.0;0.0;0.0;0.0;0.0;0.0;0.0;0.0;0.0;0.0;0.0;0.0;0.0;0.0;0.03296703296703297;0.11965811965811966;0.24074074074074073;0.2839506172839506;0.6666666666666666;0.5398230088495575;0.7933884297520661;0.837037037037037;0.29285714285714287;0.8709677419354839;0.9408284023668639;0.9591836734693877;0.8552631578947368;0.7906976744186046;0.8555555555555555;0.8958333333333334;0.9157894736842105;0.8558558558558559;0.8392857142857143;0.9230769230769231;0.9736842105263158;1.0;0.9444444444444444;1.0;0.9855072463768116;0.9761904761904762;0.8873239436619719;1.0;0.923728813559322;0.8410596026490066;0.9435483870967742;0.9850746268656716;0.8993288590604027;0.9814814814814815;0.9024390243902439;0.8333333333333334;1.0;0.945054945054945;0.9317073170731708;0.9825581395348837;0.9285714285714286;1.0;0.9705882352941176;1.0;0.9375;0.9090909090909091;0.972972972972973;1.0;1.0;0.9763779527559056;0.9590643274853801;0.9543147208121827;1.0;0.8888888888888888;0.9629629629629629;1.0;1.0;0.925;0.9705882352941176;1.0;1.0;0.967948717948718;0.948051948051948;0.9888888888888889;1.0;1.0;0.9384615384615385;1.0;0.952755905511811;1.0;0.9814814814814815,ECB_00034
32371,dapB,indel;-1;+T,indel,2.90418,9.999e-05,119,-1.0,0.136364,0;500;1000;1500;2000;2500;3000;3500;4000;4500;5000;5500;6000;6500;7000;7500;8000;8500;9000;9500;10000;10500;11000;11500;12000;12500;13000;13500;14000;14500;15000;15500;16000;16500;17000;17500;18000;18500;19000;19500;20000;20500;21000;22000;22500;23000;23500;24000;24500;25000;25500;26000;26500;27000;27500;28000;28500;29000;29500;30000;30500;31000;31500;32500;33000;33500;34000;34500;35000;35500;36000;36500;37000;37500;38500;39000;39500;40000;40500;41000;41500;42000;42500;43000;43500;44000;44500;45000;45500;46000;46500;47000;47500;48000;48500;49000;49500;50000;50500;51000;51500;52000;52500;53000;53500;54000;54500;55000;55500;56000;56500;57000;57500;58500;59000;59500;60000,0.005952380952380952;0.0;0.0;0.0;0.0;0.0;0.0;0.047619047619047616;0.010869565217391304;0.0;0.0;0.0;0.0;0.02040816326530612;0.0;0.0;0.012048192771084338;0.0;0.0;0.0;0.0;0.0;0.0;0.012658227848101266;0.0;0.006756756756756757;0.0;0.0;0.01098901098901099;0.0;0.0;0.011111111111111112;0.0;0.0;0.0;0.0;0.0;0.011904761904761904;0.0;0.023255813953488372;0.0;0.0;0.0;0.0;0.011904761904761904;0.0;0.0;0.0;0.0;0.0;0.0;0.0;0.016666666666666666;0.0;0.0;0.0;0.0;0.0;0.0;0.0;0.0;0.0;0.0;0.0;0.0;0.0;0.0;0.0;0.0;0.0;0.045454545454545456;0.1;0.3225806451612903;0.3333333333333333;0.13;0.10112359550561797;0.18181818181818182;0.023809523809523808;0.05333333333333334;0.07692307692307693;0.0;0.0;0.0;0.01098901098901099;0.0;0.014598540145985401;0.0;0.0;0.0;0.0;0.0;0.0;0.045454545454545456;0.0;0.0;0.0;0.0;0.0;0.0;0.0;0.0;0.0;0.0;0.0;0.0;0.0;0.0;0.006329113924050633;0.0;0.0;0.0;0.0;0.0;0.0;0.0;0.0;0.0,ECB_00035
33837,carA,A->G,missense,1.53255,9.999e-05,119,-1.0,0.6,0;500;1000;1500;2000;2500;3000;3500;4000;4500;5000;5500;6000;6500;7000;7500;8000;8500;9000;9500;10000;10500;11000;11500;12000;12500;13000;13500;14000;14500;15000;15500;16000;16500;17000;17500;18000;18500;19000;19500;20000;20500;21000;22000;22500;23000;23500;24000;24500;25000;25500;26000;26500;27000;27500;28000;28500;29000;29500;30000;30500;31000;31500;32500;33000;33500;34000;34500;35000;35500;36000;36500;37000;37500;38500;39000;39500;40000;40500;41000;41500;42000;42500;43000;43500;44000;44500;45000;45500;46000;46500;47000;47500;48000;49000;49500;50000;50500;51000;51500;52000;52500;53000;53500;54000;54500;55000;55500;56000;56500;57000;57500;58500;59000;59500;60000,0.0;0.0;0.0;0.0;0.0;0.0;0.0;0.0;0.0;0.0;0.0;0.0;0.0;0.0;0.0;0.0;0.0;0.0;0.0;0.0;0.0;0.0;0.0;0.0;0.0;0.0;0.0;0.0;0.0;0.0;0.0;0.0;0.0;0.0;0.0;0.0;0.0;0.0;0.0;0.0;0.0;0.0;0.0;0.0;0.0;0.0;0.0;0.04878048780487805;0.09090909090909091;0.07894736842105263;0.14754098360655737;0.4742268041237113;0.13;0.19166666666666668;0.1111111111111111;0.08860759493670886;0.05194805194805195;0.05714285714285714;0.10909090909090909;0.17142857142857143;0.19642857142857142;0.11320754716981132;0.12727272727272726;0.10077519379844961;0.14102564102564102;0.029197080291970802;0.078125;0.0;0.046875;0.02040816326530612;0.04;0.05405405405405406;0.0;0.0;0.07086614173228346;0.17073170731707318;0.17307692307692307;0.08333333333333333;0.12244897959183673;0.0;0.0;0.17391304347826086;0.08333333333333333;0.011627906976744186;0.042735042735042736;0.0365296803652968;0.0;0.0;0.0;0.03125;0.08064516129032258;0.022222222222222223;0.058823529411764705;0.03333333333333333;0.006944444444444444;0.038461538461538464;0.029787234042553193;0.043478260869565216;0.0;0.11627906976744186;0.0;0.09090909090909091;0.0;0.05714285714285714;0.0;0.03571428571428571;0.015789473684210527;0.026455026455026454;0.006369426751592357;0.06060606060606061;0.0;0.1;0.0;0.006535947712418301;0.0;0.0,ECB_00036
37696,carB,T->C,missense,1.08876,0.00019998,119,-1.0,0.5,0;500;1000;1500;2000;2500;3000;3500;4000;4500;5000;5500;6000;6500;7000;7500;8000;8500;9000;9500;10000;10500;11000;11500;12000;12500;13000;13500;14000;14500;15000;15500;16000;16500;17000;17500;18000;18500;19000;19500;20000;20500;21000;22000;22500;23000;23500;24000;24500;25000;25500;26000;26500;27000;27500;28000;28500;29000;29500;30000;30500;31000;31500;32500;33000;33500;34000;34500;35000;35500;36000;36500;37000;37500;38500;39000;39500;40000;40500;41000;41500;42000;42500;43000;43500;44000;44500;45000;45500;46000;46500;47000;47500;48000;48500;49000;49500;50000;50500;51500;52000;52500;53000;53500;54000;54500;55000;55500;56000;56500;57000;57500;58500;59000;59500;60000,0.0;0.0;0.0;0.0;0.0;0.0;0.0;0.0;0.0;0.0;0.021739130434782608;0.0;0.0;0.0;0.0;0.0;0.0;0.0;0.009174311926605505;0.0;0.0;0.0;0.0;0.0;0.012658227848101266;0.0;0.0;0.0;0.0;0.0;0.0;0.011111111111111112;0.0;0.0;0.0;0.0;0.0;0.0;0.0;0.0;0.0;0.0;0.08247422680412371;0.022222222222222223;0.17142857142857143;0.1553398058252427;0.09722222222222222;0.013888888888888888;0.18604651162790697;0.14516129032258066;0.1111111111111111;0.37681159420289856;0.12295081967213115;0.19642857142857142;0.06944444444444445;0.09722222222222222;0.06422018348623854;0.0;0.27941176470588236;0.16176470588235295;0.2236842105263158;0.05084745762711865;0.18181818181818182;0.0970873786407767;0.04672897196261682;0.11627906976744186;0.078125;0.010869565217391304;0.025;0.10638297872340426;0.0;0.022727272727272728;0.02631578947368421;0.0392156862745098;0.03488372093023256;0.16483516483516483;0.09302325581395349;0.05825242718446602;0.2222222222222222;0.05;0.07142857142857142;0.06896551724137931;0.0;0.07042253521126761;0.029940119760479042;0.014925373134328358;0.02702702702702703;0.0;0.0967741935483871;0.0;0.0;0.0;0.0;0.0;0.0;0.010101010101010102;0.013513513513513514;0.037037037037037035;0.07142857142857142;0.0;0.045454545454545456;0.047619047619047616;0.045454545454545456;0.041666666666666664;0.0;0.07142857142857142;0.04032258064516129;0.025;0.02631578947368421;0.0;0.0;0.0;0.0;0.0;0.02127659574468085;0.02857142857142857,ECB_00037
38095,carB,G->A,missense,1.21825,9.999e-05,119,-1.0,0.923077,0;500;1000;1500;2000;2500;3000;3500;4000;4500;5000;5500;6000;6500;7000;7500;8000;8500;9000;9500;10000;10500;11000;11500;12000;12500;13000;13500;14000;14500;15000;15500;16000;16500;17000;17500;18000;18500;19000;19500;20000;20500;21000;22000;22500;23000;23500;24000;24500;25000;25500;26000;26500;27000;27500;28000;28500;29000;29500;30000;30500;31000;31500;32500;33000;33500;34000;34500;35000;35500;36000;36500;37000;37500;38500;39000;39500;40000;40500;41000;41500;42000;42500;43000;43500;44000;44500;45000;45500;46000;46500;47000;47500;48000;48500;49000;49500;50000;50500;51000;51500;52000;52500;53000;53500;54000;54500;55000;55500;56000;56500;57000;57500;58500;59000;59500;60000,0.0;0.0;0.0;0.007246376811594203;0.0;0.0;0.0;0.013513513513513514;0.013071895424836602;0.006329113924050633;0.0;0.0;0.0;0.0;0.0;0.0;0.0;0.0;0.0;0.006289308176100629;0.0;0.0;0.0;0.0;0.0;0.0;0.0;0.0;0.0;0.0;0.0;0.0;0.0;0.0;0.0;0.0;0.0;0.0;0.0;0.0;0.0;0.0;0.0;0.0;0.0;0.0;0.0;0.0;0.0;0.0;0.0;0.0;0.007874015748031496;0.0;0.0;0.0;0.0;0.0;0.0;0.0;0.05263157894736842;0.2;0.323943661971831;0.48344370860927155;0.7864077669902912;0.8757763975155279;0.9518072289156626;1.0;0.9575757575757575;0.9402985074626866;0.9777777777777777;1.0;0.9642857142857143;0.987012987012987;0.9320987654320988;0.8590604026845637;0.9205298013245033;0.953757225433526;0.8484848484848485;0.9215686274509803;0.868421052631579;0.9545454545454546;1.0;0.9;0.9344262295081968;0.9603960396039604;0.9482758620689655;0.9642857142857143;1.0;0.9454545454545454;0.9818181818181818;0.9629629629629629;0.9210526315789473;0.9545454545454546;1.0;0.9634146341463414;0.9685863874345549;0.9411764705882353;0.9090909090909091;1.0;1.0;0.94;0.9772727272727273;0.967741935483871;0.9444444444444444;0.9696969696969697;1.0;0.9891891891891892;0.9746192893401016;0.9830508474576272;1.0;0.8333333333333334;0.978494623655914;1.0;0.956989247311828;1.0;0.9583333333333334,ECB_00037
38182,intergenic,indel;A;T+TT;+TT;-2;-1;T;-3;+T,indel,0.819878,9.999e-05,119,-1.0,0.413793,0;500;1000;1500;2000;2500;3000;3500;4000;4500;5000;5500;6000;6500;7000;7500;8000;8500;9000;9500;10000;10500;11000;11500;12000;12500;13000;13500;14000;14500;15000;15500;16000;16500;17000;17500;18000;18500;19000;19500;20000;20500;21000;22000;22500;23000;23500;24000;24500;25000;25500;26000;26500;27000;27500;28000;28500;29000;29500;30000;30500;31000;31500;32500;33000;33500;34000;34500;35000;35500;36000;36500;37000;37500;38500;39000;39500;40000;40500;41000;41500;42000;42500;43000;43500;44000;44500;45000;45500;46000;46500;47000;47500;48000;48500;49000;49500;50000;50500;51000;51500;52000;52500;53000;53500;54000;54500;55000;55500;56000;56500;57000;57500;58500;59000;59500;60000,0.026595744680851064;0.07017543859649122;0.04195804195804196;0.028169014084507043;0.04716981132075472;0.02531645569620253;0.046153846153846156;0.15789473684210525;0.06422018348623854;0.12142857142857143;0.125;0.08571428571428572;0.1485148514851485;0.05128205128205128;0.15384615384615385;0.12903225806451613;0.08333333333333333;0.10989010989010989;0.08854166666666667;0.1024390243902439;0.0873015873015873;0.24305555555555555;0.1978021978021978;0.16911764705882354;0.16463414634146342;0.2559241706161137;0.24390243902439024;0.6666666666666666;0.47297297297297297;0.7651515151515151;0.9021739130434783;0.8421052631578947;0.780952380952381;0.9305555555555556;0.9685534591194969;0.9738562091503268;0.9140271493212669;0.9629629629629629;0.9767441860465116;0.993006993006993;0.9849624060150376;1.0;0.9555555555555556;1.0;0.9801980198019802;0.9863013698630136;0.9722222222222222;0.9459459459459459;1.0;1.0;1.0;1.0;1.0;1.0;0.9375;0.9811320754716981;0.9649122807017544;0.9743589743589743;0.9555555555555556;0.9565217391304348;0.9583333333333334;1.0;1.0;0.9919354838709677;0.9848484848484849;0.9918032786885246;0.984375;1.0;0.967741935483871;0.9629629629629629;0.9830508474576272;0.9821428571428571;0.9565217391304348;1.0;0.9911504424778761;0.9923664122137404;0.9900990099009901;0.984375;0.9920634920634921;1.0;1.0;1.0;0.8666666666666667;0.981651376146789;0.6131805157593123;0.9807692307692307;0.9423076923076923;1.0;0.9655172413793104;0.9830508474576272;1.0;1.0;0.975;0.9803921568627451;1.0;0.9924812030075187;0.7157534246575342;0.7482993197278912;0.9629629629629629;1.0;1.0;0.975;0.9761904761904762;1.0;1.0;1.0;0.96875;0.890295358649789;0.7947761194029851;0.9847715736040609;1.0;1.0;0.9846153846153847;0.9318181818181818;0.9806451612903225;1.0;1.0,
41277,caiC,T->C,missense,1.11924,0.00019998,119,-1.0,0.48,0;500;1000;1500;2000;2500;3000;3500;4000;4500;5000;5500;6000;6500;7000;7500;8000;8500;9000;9500;10000;10500;11000;11500;12000;12500;13000;13500;14000;14500;15000;15500;16000;16500;17000;17500;18000;18500;19000;19500;20000;20500;21000;22000;22500;23000;23500;24000;24500;25000;25500;26000;26500;27000;27500;28000;28500;29000;29500;30000;30500;31000;31500;32500;33000;33500;34000;34500;35000;35500;36000;36500;37000;37500;38500;39000;39500;40000;40500;41000;41500;42000;42500;43000;43500;44000;44500;45000;45500;46000;46500;47000;47500;48000;48500;49000;49500;50000;50500;51000;51500;52000;52500;53000;53500;54000;54500;55000;55500;56000;56500;57000;57500;58500;59000;59500;60000,0.0;0.0;0.007575757575757576;0.0;0.0;0.0;0.0;0.0;0.0;0.0;0.0;0.0;0.0;0.0;0.0;0.0;0.0;0.0;0.0;0.0;0.0;0.0;0.0;0.0;0.0;0.0;0.0;0.0;0.0;0.0;0.0;0.0;0.0;0.0;0.0;0.0;0.0;0.0;0.0;0.0;0.019417475728155338;0.018072289156626505;0.06930693069306931;0.05714285714285714;0.10857142857142857;0.16363636363636364;0.05714285714285714;0.10091743119266056;0.0625;0.10975609756097561;0.12790697674418605;0.45161290322580644;0.18633540372670807;0.16184971098265896;0.03773584905660377;0.20388349514563106;0.047619047619047616;0.02;0.11688311688311688;0.14772727272727273;0.18018018018018017;0.125;0.1797752808988764;0.11486486486486487;0.08641975308641975;0.12413793103448276;0.06382978723404255;0.005988023952095809;0.02976190476190476;0.07246376811594203;0.0136986301369863;0.021505376344086023;0.0;0.024096385542168676;0.08029197080291971;0.12352941176470589;0.10457516339869281;0.12154696132596685;0.1;0.07272727272727272;0.0;0.02;0.08333333333333333;0.10784313725490197;0.05829596412556054;0.047619047619047616;0.0625;0.0;0.0;0.075;0.018518518518518517;0.0;0.023809523809523808;0.0;0.08333333333333333;0.03759398496240601;0.030303030303030304;0.02702702702702703;0.0;0.125;0.07407407407407407;0.03571428571428571;0.017543859649122806;0.03333333333333333;0.0;0.0;0.10714285714285714;0.028169014084507043;0.041025641025641026;0.02185792349726776;0.12280701754385964;0.0;0.10526315789473684;0.02127659574468085;0.025806451612903226;0.01818181818181818;0.0,ECB_00041
44009,caiA,C->T,missense,0.879918,0.00059994,119,-1.0,1.0,0;500;1000;1500;2000;2500;3000;3500;4000;4500;5000;5500;6000;6500;7000;7500;8000;8500;9000;9500;10000;10500;11000;11500;12000;12500;13000;13500;14000;14500;15000;15500;16000;16500;17000;17500;18000;18500;19000;19500;20000;20500;21000;22000;22500;23000;23500;24000;24500;25000;25500;26000;26500;27000;27500;28000;28500;29000;29500;30000;30500;31000;31500;32500;33000;33500;34000;34500;35000;35500;36000;36500;37000;37500;38500;39000;39500;40000;40500;41000;41500;42000;42500;43000;43500;44000;44500;45000;45500;46000;46500;47000;47500;48000;48500;49000;49500;50000;50500;51000;51500;52000;52500;53000;53500;54000;54500;55000;55500;56000;56500;57000;57500;58500;59000;59500;60000,0.0;0.0;0.0;0.0;0.0;0.0;0.014285714285714285;0.0;0.0;0.0;0.0;0.0;0.0;0.0;0.0;0.0;0.0;0.0;0.013761467889908258;0.022857142857142857;0.0;0.09701492537313433;0.09558823529411764;0.040983606557377046;0.03184713375796178;0.013888888888888888;0.1076923076923077;0.615819209039548;0.1015625;0.4845360824742268;0.7310344827586207;0.05;0.4155844155844156;0.2727272727272727;0.27692307692307694;0.15217391304347827;0.3790849673202614;0.11333333333333333;0.7189189189189189;0.226890756302521;0.2956521739130435;0.20610687022900764;0.06086956521739131;0.044642857142857144;0.08108108108108109;0.10638297872340426;0.03076923076923077;0.0990990990990991;0.1388888888888889;0.19230769230769232;0.06818181818181818;0.4608695652173913;0.174496644295302;0.2357142857142857;0.0625;0.08974358974358974;0.09558823529411764;0.04081632653061224;0.12903225806451613;0.17073170731707318;0.0759493670886076;0.14285714285714285;0.14666666666666667;0.12403100775193798;0.06779661016949153;0.08;0.07142857142857142;0.0;0.034722222222222224;0.031746031746031744;0.02857142857142857;0.01098901098901099;0.07692307692307693;0.014084507042253521;0.056451612903225805;0.07432432432432433;0.05172413793103448;0.09202453987730061;0.09016393442622951;0.043478260869565216;0.02564102564102564;0.1111111111111111;0.1111111111111111;0.10309278350515463;0.0425531914893617;0.004975124378109453;0.09090909090909091;0.0;0.046511627906976744;0.13043478260869565;0.02564102564102564;0.0425531914893617;0.045454545454545456;0.0;0.0;0.0;0.034782608695652174;0.03619909502262444;0.11764705882352941;0.0;0.0;0.0;0.15384615384615385;0.0;0.058823529411764705;0.022222222222222223;0.034482758620689655;0.037037037037037035;0.015873015873015872;0.010638297872340425;0.0;0.0;0.034482758620689655;0.046511627906976744;0.014598540145985401;0.05263157894736842;0.015625,ECB_00043
45719,caiT,C->T,missense,2.10983,0.00369963,119,-1.0,0.230769,0;500;1000;1500;2000;2500;3000;3500;4000;4500;5000;5500;6000;6500;7000;7500;8000;8500;9000;9500;10000;10500;11000;11500;12000;12500;13000;13500;14000;14500;15000;15500;16000;16500;17000;17500;18000;18500;19000;19500;20000;20500;21000;22000;22500;23000;23500;24000;24500;25000;25500;26000;26500;27000;27500;28000;28500;29000;29500;30000;30500;31000;31500;32500;33000;33500;34000;34500;35000;35500;36000;36500;37000;37500;38500;39000;39500;40000;40500;41000;41500;42000;42500;43000;43500;44000;44500;45000;45500;46000;46500;47000;47500;48000;48500;49000;49500;50000;50500;51000;51500;52000;52500;53000;53500;54000;54500;55000;55500;56000;56500;57000;57500;58500;59000;59500;60000,0.0;0.0;0.0;0.0;0.0;0.0;0.0;0.0;0.0;0.0;0.0;0.0;0.006802721088435374;0.0;0.0;0.00909090909090909;0.0;0.0;0.009174311926605505;0.0;0.005154639175257732;0.0;0.0;0.0;0.0;0.0;0.0;0.0;0.0;0.0;0.0;0.007246376811594203;0.19827586206896552;0.1956521739130435;0.15555555555555556;0.025;0.2122905027932961;0.03333333333333333;0.6030927835051546;0.1984732824427481;0.0;0.143646408839779;0.0;0.0;0.0;0.0;0.0;0.0;0.0;0.0;0.0;0.0;0.0;0.0;0.0;0.0;0.0;0.0;0.0;0.0;0.009345794392523364;0.0;0.0;0.0;0.011428571428571429;0.0;0.01;0.0;0.0;0.0;0.0;0.0;0.0;0.0;0.0070921985815602835;0.0;0.0;0.0;0.0;0.0;0.022727272727272728;0.0;0.0;0.0;0.0;0.0;0.0;0.0;0.0;0.0;0.0;0.0;0.0;0.0;0.0;0.0048543689320388345;0.004219409282700422;0.0;0.0;0.0;0.0;0.023255813953488372;0.0;0.0;0.0;0.0;0.0;0.004149377593360996;0.0;0.0041841004184100415;0.0;0.0;0.02247191011235955;0.0;0.0;0.0;0.0,ECB_00044
47678,fixB,T->C,missense,4.4544,9.999e-05,119,-1.0,0.363636,0;500;1000;1500;2000;2500;3000;3500;4000;4500;5000;5500;6000;6500;7000;7500;8000;8500;9000;9500;10000;10500;11000;11500;12000;12500;13000;13500;14000;14500;15000;15500;16000;16500;17000;17500;18000;18500;19000;19500;20000;20500;21000;22000;22500;23000;23500;24000;24500;25000;25500;26000;26500;27000;27500;28000;28500;29000;29500;30000;30500;31000;31500;32500;33000;33500;34000;34500;35000;35500;36000;36500;37000;37500;38500;39000;39500;40000;40500;41000;41500;42000;42500;43000;43500;44000;44500;45000;45500;46000;46500;47000;47500;48000;48500;49000;49500;50000;50500;51000;51500;52000;52500;53000;53500;54000;54500;55000;55500;56000;56500;57000;57500;58500;59000;59500;60000,0.0;0.0;0.0;0.0;0.0;0.0;0.0;0.0;0.0;0.0;0.0;0.0;0.0;0.0;0.0;0.0;0.0;0.0;0.0;0.0;0.0;0.0;0.00847457627118644;0.0;0.0;0.0;0.0;0.0;0.0;0.0;0.0;0.0;0.0;0.0;0.009708737864077669;0.0;0.0;0.0;0.0;0.0;0.0;0.0;0.0;0.0;0.005988023952095809;0.011834319526627219;0.1;0.45323741007194246;0.4925373134328358;0.29591836734693877;0.16326530612244897;0.02531645569620253;0.005813953488372093;0.0;0.0;0.0;0.0;0.0;0.0;0.0;0.0;0.0;0.0;0.012903225806451613;0.0;0.0;0.0;0.0;0.0;0.0;0.0;0.0;0.0;0.0;0.0;0.0;0.0;0.0;0.0;0.0;0.0;0.0;0.0;0.0;0.0;0.0;0.0;0.0;0.0;0.0;0.0;0.0;0.0;0.0;0.0;0.0;0.0;0.0;0.0;0.0;0.0;0.0;0.0;0.0;0.0;0.0;0.0;0.0;0.0;0.0;0.0;0.0;0.0;0.0;0.0;0.0;0.0,ECB_00046
48723,fixC,C->T,nonsense,1.45099,9.999e-05,119,-1.0,0.292683,0;500;1000;1500;2000;2500;3000;3500;4000;4500;5000;5500;6000;6500;7000;7500;8000;8500;9000;9500;10000;10500;11000;11500;12000;12500;13000;13500;14000;14500;15000;15500;16000;16500;17000;17500;18000;18500;19000;19500;20000;20500;21000;22000;22500;23000;23500;24000;24500;25000;25500;26000;26500;27000;27500;28000;28500;29000;29500;30000;30500;31000;31500;32500;33000;33500;34000;34500;35000;35500;36000;36500;37000;37500;38500;39000;39500;40000;40500;41000;41500;42000;42500;43000;43500;44000;44500;45000;45500;46000;46500;47000;47500;48000;48500;49000;49500;50000;50500;51000;51500;52000;52500;53000;53500;54000;54500;55000;55500;56000;56500;57500;58500;59000;59500;60000,0.0;0.0;0.0;0.0;0.0;0.0;0.0;0.0;0.0;0.0;0.0;0.0;0.0;0.0;0.0;0.0;0.0;0.0;0.0;0.0;0.007194244604316547;0.0;0.010526315789473684;0.0;0.0;0.0;0.0;0.0;0.0;0.0;0.0;0.0;0.0;0.0;0.0;0.0;0.0;0.0;0.0;0.014925373134328358;0.0;0.007462686567164179;0.0;0.0;0.0;0.0;0.0;0.01282051282051282;0.0;0.0;0.0;0.0;0.008064516129032258;0.0;0.0;0.0;0.0;0.0;0.0;0.0;0.0;0.0;0.0;0.0;0.0;0.0;0.0;0.0;0.012658227848101266;0.10204081632653061;0.5079365079365079;0.8059701492537313;0.8837209302325582;0.9841269841269841;0.8888888888888888;0.8846153846153846;0.9375;0.937984496124031;0.908256880733945;0.9615384615384616;0.9393939393939394;0.9;1.0;0.9259259259259259;0.976878612716763;0.9636363636363636;1.0;0.9411764705882353;0.9259259259259259;1.0;0.95;1.0;0.9032258064516129;0.9285714285714286;0.8888888888888888;0.9626168224299065;0.9594594594594594;0.9457831325301205;0.84;1.0;0.8571428571428571;1.0;0.9714285714285714;1.0;1.0;1.0;1.0;0.9702380952380952;0.936046511627907;0.9689922480620154;1.0;0.9767441860465116;1.0;0.9787234042553191;0.9772727272727273;0.9459459459459459,ECB_00047
50230,yaaU,T->C,missense,3.1742,0.00069993,119,-1.0,0.6,0;500;1000;1500;2000;2500;3000;3500;4000;4500;5000;5500;6000;6500;7000;7500;8000;8500;9000;9500;10000;10500;11000;11500;12000;12500;13000;13500;14000;14500;15000;15500;16000;16500;17000;17500;18000;18500;19000;19500;20000;20500;21000;22000;22500;23000;23500;24000;24500;25000;25500;26000;26500;27000;27500;28000;28500;29000;29500;30000;30500;31000;31500;32500;33000;33500;34000;34500;35000;35500;36000;36500;37000;37500;38500;39000;39500;40000;40500;41000;41500;42000;42500;43000;43500;44000;44500;45000;45500;46000;46500;47000;47500;48000;48500;49000;49500;50000;50500;51000;51500;52000;52500;53000;53500;54000;54500;55000;55500;56000;56500;57000;57500;58500;59000;59500;60000,0.0;0.0;0.0;0.0;0.0;0.0;0.0;0.0;0.0;0.0;0.0;0.0;0.0;0.0;0.0;0.0;0.0;0.0;0.0;0.0;0.008849557522123894;0.0;0.0;0.0;0.0;0.0;0.0;0.0;0.0;0.014285714285714285;0.0;0.02666666666666667;0.05555555555555555;0.14583333333333334;0.05555555555555555;0.04477611940298507;0.0;0.018867924528301886;0.0;0.0;0.0;0.0;0.0;0.0;0.0;0.0;0.0;0.0;0.0;0.0;0.0;0.0;0.0;0.0;0.0;0.0;0.0;0.0;0.0;0.0;0.0;0.0;0.0;0.0;0.0;0.0;0.0;0.0;0.0;0.0;0.0;0.0;0.0;0.0;0.0;0.0;0.0;0.0;0.0;0.0;0.0;0.04;0.0;0.0;0.0;0.01652892561983471;0.0;0.0;0.0;0.0;0.0;0.0;0.0;0.03333333333333333;0.0;0.0;0.0;0.0;0.0;0.0;0.0;0.0;0.0;0.0;0.0;0.0;0.0;0.0;0.0;0.0;0.0;0.0;0.0;0.0;0.0;0.0;0.0,ECB_00049
51538,yabF,G->A,missense,0.895226,0.00349965,119,-1.0,0.20339,0;500;1000;1500;2000;2500;3000;3500;4000;4500;5000;5500;6000;6500;7000;7500;8000;8500;9000;9500;10000;10500;11000;11500;12000;12500;13000;13500;14000;14500;15000;15500;16000;16500;17000;17500;18000;18500;19000;19500;20000;20500;21000;22000;22500;23000;23500;24000;24500;25000;25500;26000;26500;27000;27500;28000;28500;29000;29500;30000;30500;31000;31500;32500;33000;33500;34000;34500;35000;35500;36000;36500;37000;37500;38500;39000;39500;40000;40500;41000;41500;42000;42500;43000;43500;44000;44500;45000;45500;46000;46500;47000;47500;48000;48500;49000;49500;50000;50500;51000;51500;52000;52500;53000;53500;54000;54500;55000;55500;56000;56500;57000;57500;58500;59000;59500;60000,0.0;0.0;0.0;0.0;0.0;0.0;0.0;0.0;0.0;0.00819672131147541;0.0;0.0;0.0;0.0;0.0;0.09230769230769231;0.011235955056179775;0.0;0.0;0.023391812865497075;0.015503875968992248;0.056451612903225805;0.0859375;0.023622047244094488;0.05511811023622047;0.03553299492385787;0.06474820143884892;0.65;0.15862068965517243;0.45454545454545453;0.8193548387096774;0.06363636363636363;0.3627450980392157;0.43859649122807015;0.3025210084033613;0.06097560975609756;0.36470588235294116;0.08917197452229299;0.6961325966850829;0.27884615384615385;0.06896551724137931;0.205607476635514;0.10638297872340426;0.06896551724137931;0.11666666666666667;0.1864406779661017;0.06557377049180328;0.09302325581395349;0.05555555555555555;0.10638297872340426;0.06666666666666667;0.5416666666666666;0.1015625;0.14035087719298245;0.06451612903225806;0.18072289156626506;0.03076923076923077;0.07142857142857142;0.16363636363636364;0.1864406779661017;0.13333333333333333;0.13846153846153847;0.1388888888888889;0.14678899082568808;0.05555555555555555;0.06060606060606061;0.031746031746031744;0.0;0.0;0.018518518518518517;0.0;0.06153846153846154;0.0;0.05357142857142857;0.05172413793103448;0.11023622047244094;0.05755395683453238;0.10273972602739725;0.1456953642384106;0.024390243902439025;0.03571428571428571;0.1875;0.0;0.03125;0.07035175879396985;0.04639175257731959;0.027777777777777776;0.0;0.06060606060606061;0.021739130434782608;0.06349206349206349;0.0;0.0;0.03773584905660377;0.0;0.06470588235294118;0.00980392156862745;0.024752475247524754;0.034482758620689655;0.0;0.041666666666666664;0.0;0.04081632653061224;0.0;0.06896551724137931;0.05;0.04;0.029411764705882353;0.042105263157894736;0.011764705882352941;0.023809523809523808;0.0;0.038461538461538464;0.022222222222222223;0.019230769230769232;0.025;0.0,ECB_00050
51649,yabF,T->C,missense,3.02268,9.999e-05,119,-1.0,0.545455,0;500;1000;1500;2000;2500;3000;3500;4000;4500;5000;5500;6000;6500;7000;7500;8000;8500;9000;9500;10000;10500;11000;11500;12000;12500;13000;13500;14000;14500;15000;15500;16000;16500;17000;17500;18000;18500;19000;19500;20000;20500;21000;22000;22500;23000;23500;24000;24500;25000;25500;26000;26500;27000;27500;28000;28500;29000;29500;30000;30500;31000;31500;32500;33000;33500;34000;34500;35000;35500;36000;36500;37000;37500;38500;39000;39500;40000;40500;41000;41500;42000;42500;43000;43500;44000;44500;45000;45500;46000;46500;47000;47500;48000;48500;49000;49500;50000;50500;51000;51500;52000;52500;53000;53500;54000;54500;55000;55500;56000;56500;57000;57500;58500;59000;59500;60000,0.0;0.0;0.0;0.0;0.0;0.0;0.0;0.0;0.0;0.0;0.014492753623188406;0.0;0.0;0.0;0.0;0.0;0.0;0.0;0.0;0.0;0.0;0.0;0.0;0.0;0.0;0.0;0.0;0.0;0.0;0.0;0.0;0.0;0.0;0.0;0.0;0.0;0.0;0.0;0.0;0.0;0.0;0.0;0.0;0.0;0.0;0.0;0.0;0.0;0.0;0.0;0.0;0.0;0.0;0.0;0.0;0.012195121951219513;0.0;0.0;0.0;0.0;0.0;0.0;0.0;0.0;0.0;0.0;0.0;0.0;0.0;0.0;0.0;0.0;0.0;0.0;0.08695652173913043;0.0847457627118644;0.07476635514018691;0.08196721311475409;0.10084033613445378;0.17857142857142858;0.09375;0.10714285714285714;0.13333333333333333;0.03529411764705882;0.02127659574468085;0.006666666666666667;0.0;0.0;0.0;0.0;0.0;0.0;0.0;0.0;0.0;0.0;0.0;0.0;0.0;0.0;0.0;0.0;0.0;0.0;0.0;0.0;0.0;0.0;0.0;0.0;0.0;0.0;0.0;0.0;0.0;0.0;0.0,ECB_00050
57741,surA,A->G,missense,2.91177,0.012907,119,-1.0,0.8,0;500;1000;1500;2000;2500;3000;3500;4000;4500;5000;5500;6000;6500;7000;7500;8000;8500;9000;9500;10000;10500;11000;11500;12000;12500;13000;13500;14000;14500;15000;15500;16000;16500;17000;17500;18000;18500;19000;19500;20000;20500;21000;22000;22500;23000;23500;24000;24500;25000;25500;26000;26500;27000;27500;28000;28500;29000;29500;30000;30500;31000;31500;32500;33000;33500;34000;34500;35000;35500;36000;36500;37000;37500;38500;39000;39500;40000;40500;41000;41500;42000;42500;43000;43500;44000;44500;45000;45500;46000;46500;47000;47500;48000;48500;49000;49500;50000;50500;51000;51500;52000;52500;53000;53500;54000;54500;55000;55500;56000;56500;57500;58500;59000;59500;60000,0.0;0.0;0.0;0.0;0.0;0.0;0.0;0.0;0.0;0.0;0.0;0.0;0.0;0.0;0.0;0.0;0.0;0.0;0.0;0.0;0.0;0.0;0.0;0.0;0.0;0.0;0.0;0.0;0.0;0.0;0.0;0.0;0.0;0.0;0.0;0.0;0.0;0.0;0.0;0.0;0.0;0.019801980198019802;0.1267605633802817;0.47674418604651164;0.08411214953271028;0.03296703296703297;0.018518518518518517;0.0;0.0;0.0;0.0;0.0;0.0;0.0;0.2727272727272727;0.0;0.0;0.0;0.0;0.0;0.0;0.0;0.0;0.0;0.0;0.0;0.0;0.0;0.0;0.0;0.0;0.0;0.0;0.0;0.0;0.011363636363636364;0.0;0.0;0.0;0.0;0.0;0.0;0.0;0.0;0.0;0.0;0.0;0.0;0.0;0.0;0.0;0.0;0.0;0.0;0.0;0.0;0.0;0.0;0.0;0.0;0.0;0.0;0.0;0.0;0.0;0.0;0.0;0.0;0.0;0.0;0.0;0.0;0.0;0.0;0.0;0.0,ECB_00057
62120,djlA,C->T,nonsense,2.52689,0.00019998,119,-1.0,0.545455,0;500;1000;1500;2000;2500;3000;3500;4000;4500;5000;5500;6000;6500;7000;7500;8000;8500;9000;9500;10000;10500;11000;11500;12000;12500;13000;13500;14000;14500;15000;15500;16000;16500;17000;17500;18000;18500;19000;19500;20000;20500;21000;22000;22500;23000;23500;24000;24500;25000;25500;26000;26500;27000;27500;28000;28500;29000;29500;30000;30500;31000;31500;32500;33000;33500;34000;34500;35000;35500;36000;36500;37000;37500;38500;39000;39500;40000;40500;41000;41500;42000;42500;43000;43500;44000;44500;45000;45500;46000;46500;47000;47500;48000;48500;49000;49500;50000;50500;51000;51500;52000;52500;53000;53500;54000;54500;55000;55500;56000;56500;57000;57500;58500;59000;59500;60000,0.0;0.0;0.0;0.0;0.0;0.0;0.0;0.0;0.0;0.0;0.0;0.0;0.0;0.0;0.0;0.0;0.0;0.014705882352941176;0.0;0.005780346820809248;0.0;0.0;0.0;0.0;0.030927835051546393;0.057971014492753624;0.2962962962962963;0.09322033898305085;0.14150943396226415;0.04285714285714286;0.02564102564102564;0.04310344827586207;0.11538461538461539;0.0125;0.05;0.05813953488372093;0.009615384615384616;0.010752688172043012;0.02608695652173913;0.0;0.0;0.0;0.0;0.0;0.006329113924050633;0.0;0.0;0.0;0.0;0.0;0.0;0.0;0.0;0.0;0.0;0.0;0.0;0.0;0.0;0.0;0.019417475728155338;0.01282051282051282;0.0;0.0;0.0;0.0;0.0;0.0;0.0;0.0;0.0;0.0;0.0;0.0;0.0072992700729927005;0.0;0.0;0.0;0.0;0.0;0.0;0.0;0.0;0.0;0.0;0.0;0.0;0.0;0.0;0.0;0.0;0.0;0.0;0.0;0.0;0.0;0.0;0.0;0.0;0.0;0.0;0.0;0.0;0.0;0.0;0.0;0.0;0.0;0.0;0.0;0.0;0.0;0.0;0.0;0.0;0.0;0.0,ECB_00059
66421,polB,A->G,missense,2.81113,9.999e-05,119,-1.0,1.0,0;500;1000;1500;2000;2500;3000;3500;4000;4500;5000;5500;6000;6500;7000;7500;8000;8500;9000;9500;10000;10500;11000;11500;12000;12500;13000;13500;14000;14500;15000;15500;16000;16500;17000;17500;18000;18500;19000;19500;20000;20500;21000;22000;22500;23000;23500;24000;24500;25000;25500;26000;26500;27000;27500;28000;28500;29000;29500;30000;30500;31000;31500;32500;33000;33500;34000;34500;35000;35500;36000;36500;37000;37500;38500;39000;39500;40000;40500;41000;41500;42000;42500;43000;43500;44000;44500;45000;45500;46000;46500;47000;47500;48000;48500;49000;49500;50000;50500;51000;51500;52000;52500;53000;53500;54000;54500;55000;55500;56000;56500;57000;57500;58500;59000;59500;60000,0.0;0.0;0.0;0.0;0.0;0.0;0.0;0.0;0.0;0.0;0.0;0.0;0.0;0.0;0.0;0.0;0.0;0.0;0.0;0.0;0.0;0.0;0.0;0.0;0.0;0.006622516556291391;0.0;0.0;0.0;0.0;0.0;0.0;0.0;0.0;0.0;0.0;0.0;0.0;0.0;0.0;0.0;0.0;0.0;0.0;0.0;0.0;0.0;0.0;0.0;0.0;0.038461538461538464;0.125;0.2265625;0.2537313432835821;0.12903225806451613;0.20987654320987653;0.36153846153846153;0.4897959183673469;0.313953488372093;0.43820224719101125;0.42028985507246375;0.5;0.32941176470588235;0.2903225806451613;0.10434782608695652;0.0;0.015873015873015872;0.0;0.0;0.0;0.0;0.0;0.0;0.0;0.0;0.0;0.0;0.0;0.0;0.0;0.0;0.0;0.0;0.0;0.0;0.0;0.0;0.0;0.0;0.0;0.0;0.0;0.0;0.0;0.0;0.0;0.0;0.0;0.0;0.0;0.0;0.0;0.0;0.0;0.0;0.0;0.0;0.0;0.0;0.0;0.0;0.0;0.0;0.0;0.0;0.0;0.0,ECB_00062
66804,polB,T->C,missense,0.845964,9.999e-05,119,-1.0,0.666667,0;500;1000;1500;2000;2500;3000;3500;4000;4500;5000;5500;6000;6500;7000;7500;8000;8500;9000;9500;10000;10500;11000;11500;12000;12500;13000;13500;14000;14500;15000;15500;16000;16500;17000;17500;18000;18500;19000;19500;20000;20500;21000;22000;22500;23000;23500;24000;24500;25000;25500;26000;26500;27000;27500;28000;28500;29000;29500;30000;30500;31000;31500;32500;33000;33500;34000;34500;35000;35500;36000;36500;37000;37500;38500;39000;39500;40000;40500;41000;41500;42000;42500;43000;43500;44000;44500;45000;45500;46000;46500;47000;47500;48000;48500;49000;49500;50000;50500;51000;51500;52000;52500;53000;53500;54000;54500;55000;55500;56000;56500;57000;57500;58500;59000;59500;60000,0.0;0.0;0.0;0.0;0.0;0.0;0.0;0.0;0.0;0.0;0.0;0.0;0.0;0.0;0.0;0.0;0.0;0.0;0.0;0.02586206896551724;0.0;0.0;0.0;0.0;0.0;0.023529411764705882;0.0;0.0;0.08695652173913043;0.15942028985507245;0.0821917808219178;0.8048780487804879;0.59375;0.6;0.7631578947368421;0.9024390243902439;0.42391304347826086;0.9420289855072463;0.28888888888888886;0.75;0.9375;0.7291666666666666;0.921875;0.9242424242424242;0.9183673469387755;0.9038461538461539;0.9583333333333334;0.8333333333333334;0.8888888888888888;0.8545454545454545;0.9;0.6140350877192983;0.76;0.7761194029850746;0.9339622641509434;0.8076923076923077;0.9042553191489362;0.9487179487179487;0.88;0.8064516129032258;0.851063829787234;0.8823529411764706;0.9056603773584906;0.8555555555555555;0.9381443298969072;0.90625;0.96;1.0;0.9285714285714286;1.0;0.9583333333333334;0.9767441860465116;1.0;0.9767441860465116;0.9054054054054054;0.912621359223301;0.9456521739130435;0.9325842696629213;0.84375;0.96875;0.8823529411764706;0.88;1.0;0.9183673469387755;0.9262295081967213;0.9724770642201835;1.0;1.0;0.96;1.0;1.0;0.896551724137931;0.8461538461538461;0.9285714285714286;0.9285714285714286;0.9861111111111112;0.975609756097561;0.9897959183673469;0.9285714285714286;1.0;0.9333333333333333;0.96875;0.875;1.0;1.0;1.0;1.0;0.9534883720930233;0.9504132231404959;0.9689922480620154;1.0;1.0;1.0;1.0;0.9746835443037974;1.0;1.0,ECB_00062
68661,araD,A->G,missense,1.09503,0.00019998,119,-1.0,1.0,0;500;1000;1500;2000;2500;3000;3500;4000;4500;5000;5500;6000;6500;7000;7500;8000;8500;9000;9500;10000;10500;11000;11500;12000;12500;13000;13500;14000;14500;15000;15500;16000;16500;17000;17500;18000;18500;19000;19500;20000;20500;21000;22000;22500;23000;23500;24000;24500;25000;25500;26000;26500;27000;27500;28000;28500;29000;29500;30000;30500;31000;31500;32500;33000;33500;34000;34500;35000;35500;36000;36500;37000;37500;38500;39000;39500;40000;40500;41000;41500;42000;42500;43000;43500;44000;44500;45000;45500;46000;46500;47000;47500;48000;48500;49000;49500;50000;50500;51000;51500;52000;52500;53000;53500;54000;54500;55000;55500;56000;56500;57000;57500;58500;59000;59500;60000,0.0;0.0;0.0;0.0;0.0;0.0;0.0;0.0;0.0;0.0;0.0;0.0;0.0;0.0;0.0;0.0;0.0;0.0;0.0;0.0;0.0;0.013888888888888888;0.0;0.0;0.0;0.0;0.0;0.0;0.0;0.0;0.0;0.0;0.0;0.0;0.0;0.0;0.02577319587628866;0.0;0.02531645569620253;0.0546875;0.06504065040650407;0.10638297872340426;0.058823529411764705;0.058823529411764705;0.11363636363636363;0.14193548387096774;0.038461538461538464;0.04032258064516129;0.06779661016949153;0.06976744186046512;0.1125;0.43243243243243246;0.1935483870967742;0.15625;0.07333333333333333;0.11764705882352941;0.06382978723404255;0.03773584905660377;0.2191780821917808;0.09183673469387756;0.11235955056179775;0.05263157894736842;0.057692307692307696;0.12857142857142856;0.05343511450381679;0.08904109589041095;0.041237113402061855;0.0;0.08163265306122448;0.03076923076923077;0.0;0.039473684210526314;0.03508771929824561;0.0;0.09090909090909091;0.12962962962962962;0.08176100628930817;0.0661764705882353;0.12972972972972974;0.023255813953488372;0.046511627906976744;0.13725490196078433;0.0;0.06569343065693431;0.07851239669421488;0.032407407407407406;0.1;0.07692307692307693;0.0;0.041666666666666664;0.023255813953488372;0.02127659574468085;0.0;0.0392156862745098;0.0;0.022388059701492536;0.046218487394957986;0.056338028169014086;0.0;0.0;0.02857142857142857;0.07692307692307693;0.0;0.0;0.02631578947368421;0.01639344262295082;0.0;0.01951219512195122;0.016129032258064516;0.009478672985781991;0.0;0.0;0.0392156862745098;0.0;0.018633540372670808;0.030303030303030304;0.011764705882352941,ECB_00063
70982,araA,C->T,missense,2.99282,9.999e-05,119,-1.0,0.48,0;500;1000;1500;2000;2500;3000;3500;4000;4500;5000;5500;6000;6500;7000;7500;8000;8500;9000;9500;10000;10500;11000;11500;12000;12500;13000;13500;14000;14500;15000;15500;16000;16500;17000;17500;18000;18500;19000;19500;20000;20500;21000;22000;22500;23000;23500;24000;24500;25000;25500;26000;26500;27000;27500;28000;28500;29000;29500;30000;30500;31000;31500;32500;33000;33500;34000;34500;35000;35500;36000;36500;37000;37500;38500;39000;39500;40000;40500;41000;41500;42000;42500;43000;43500;44000;44500;45000;45500;46000;46500;47000;47500;48000;48500;49000;49500;50000;50500;51000;51500;52000;52500;53000;53500;54000;54500;55000;55500;56000;56500;57000;57500;58500;59000;59500;60000,0.0;0.0;0.0;0.0;0.0;0.0;0.0;0.0;0.0;0.0;0.0;0.009523809523809525;0.0;0.0;0.0;0.0;0.0;0.0;0.0;0.0;0.0;0.0;0.0;0.0;0.0;0.006756756756756757;0.017543859649122806;0.0;0.0;0.0;0.0;0.0;0.0;0.011363636363636364;0.0;0.012987012987012988;0.0;0.0;0.0;0.0;0.0;0.0;0.0;0.0;0.0;0.0;0.0;0.0;0.0;0.0;0.0;0.0;0.01875;0.006578947368421052;0.014598540145985401;0.1728395061728395;0.31213872832369943;0.4528301886792453;0.3068181818181818;0.30120481927710846;0.5656565656565656;0.42424242424242425;0.3723404255319149;0.3333333333333333;0.1044776119402985;0.022388059701492536;0.012345679012345678;0.0;0.0;0.0;0.0;0.03636363636363636;0.0;0.0;0.0;0.0;0.0;0.0;0.0;0.0;0.0;0.0;0.0;0.0;0.0;0.0;0.0;0.0;0.0;0.0;0.0;0.0;0.0;0.0;0.0;0.0;0.0;0.0;0.0;0.0;0.0;0.0;0.0;0.0;0.0;0.0;0.0;0.0;0.0;0.0;0.0;0.0;0.0;0.0;0.0;0.0;0.0,ECB_00064
72554,araB,T->C,missense,3.56697,0.00059994,119,-1.0,0.923077,0;500;1000;1500;2000;2500;3000;3500;4000;4500;5000;5500;6000;6500;7000;7500;8000;8500;9000;9500;10000;10500;11000;11500;12000;12500;13000;13500;14000;14500;15000;15500;16000;16500;17000;17500;18000;18500;19000;19500;20000;20500;21000;22000;22500;23000;23500;24000;24500;25000;25500;26000;26500;27000;27500;28000;28500;29000;29500;30000;30500;31000;31500;32500;33000;33500;34000;34500;35000;35500;36000;36500;37000;37500;38500;39000;39500;40000;40500;41000;41500;42000;42500;43000;43500;44000;44500;45000;45500;46000;46500;47000;47500;48000;48500;49000;49500;50000;50500;51000;51500;52000;52500;53000;53500;54000;54500;55000;55500;56000;56500;57000;57500;58500;59000;59500;60000,0.0;0.0;0.0;0.0;0.0;0.02857142857142857;0.0;0.0;0.0;0.0;0.0;0.0;0.0;0.0;0.0;0.0;0.0;0.0;0.0;0.0;0.0;0.0;0.0;0.0;0.0;0.0;0.0;0.0;0.0;0.0;0.0;0.0;0.0;0.0;0.0;0.0;0.0;0.0;0.0;0.0;0.0;0.0;0.0;0.0;0.0;0.0;0.0;0.0;0.0;0.0;0.010101010101010102;0.0;0.0;0.0;0.0;0.0;0.064;0.109375;0.030303030303030304;0.05405405405405406;0.0;0.0;0.0;0.0;0.0;0.0;0.013513513513513514;0.0;0.0;0.0;0.0;0.0;0.0;0.0;0.0;0.0;0.017241379310344827;0.0;0.0;0.0;0.0;0.0;0.0;0.0;0.0;0.0;0.0;0.0;0.0;0.0;0.0;0.0;0.0;0.0;0.0;0.0;0.0;0.0;0.0;0.0;0.0;0.0;0.0;0.0;0.0;0.0;0.0;0.0;0.0;0.0;0.0;0.0;0.0;0.0;0.0;0.0;0.0,ECB_00065
75055,yabJ,G->A,missense,2.4006,0.00519948,119,-1.0,0.571429,0;500;1000;1500;2000;2500;3000;3500;4000;4500;5000;5500;6000;6500;7000;7500;8000;8500;9000;9500;10000;10500;11000;11500;12000;12500;13000;13500;14000;14500;15000;15500;16000;16500;17000;17500;18000;18500;19000;19500;20000;20500;21000;22000;22500;23000;23500;24000;24500;25000;25500;26000;26500;27000;27500;28000;28500;29000;29500;30000;30500;31000;31500;32500;33000;33500;34000;34500;35000;35500;36000;36500;37000;37500;38500;39000;39500;40000;40500;41000;41500;42000;42500;43000;43500;44000;44500;45000;45500;46000;46500;47000;47500;48000;48500;49000;49500;50000;50500;51000;51500;52000;52500;53000;53500;54000;54500;55000;55500;56000;56500;57000;57500;58500;59000;59500;60000,0.0;0.0;0.005988023952095809;0.0;0.0;0.0;0.0;0.0;0.0;0.0;0.0;0.0;0.0;0.0;0.0;0.0;0.0;0.0;0.0;0.0;0.0;0.0;0.0;0.0;0.0;0.0;0.0;0.0;0.0;0.0;0.0;0.0;0.0;0.0;0.0;0.0;0.0;0.0;0.0;0.0;0.0;0.0;0.0;0.00425531914893617;0.0;0.0;0.0;0.0;0.0;0.0;0.0;0.0;0.0;0.0;0.0;0.0;0.0;0.007518796992481203;0.0;0.006134969325153374;0.0;0.004464285714285714;0.0;0.0;0.0;0.0;0.0;0.0;0.0;0.0;0.0;0.0;0.0;0.0;0.0;0.0;0.0;0.017241379310344827;0.03056768558951965;0.10526315789473684;0.034482758620689655;0.025;0.0;0.023809523809523808;0.0091324200913242;0.0;0.0;0.0;0.044444444444444446;0.0;0.03333333333333333;0.0;0.0;0.0;0.0;0.0;0.008733624454148471;0.0;0.0;0.0;0.0;0.0;0.0;0.0;0.0;0.0;0.0;0.0;0.0;0.0;0.0;0.0;0.0;0.0;0.005649717514124294;0.0;0.0,ECB_00068
75169,yabJ,T->C,missense,1.23587,0.00069993,119,-1.0,0.571429,0;500;1000;1500;2000;2500;3000;3500;4000;4500;5000;5500;6000;6500;7000;7500;8000;8500;9000;9500;10000;10500;11000;11500;12000;12500;13000;13500;14000;14500;15000;15500;16000;16500;17000;17500;18000;18500;19000;19500;20000;20500;21000;22000;22500;23000;23500;24000;24500;25000;25500;26000;26500;27000;27500;28000;28500;29000;29500;30000;30500;31000;31500;32500;33000;33500;34000;34500;35000;35500;36000;36500;37000;37500;38500;39000;39500;40000;40500;41000;41500;42000;42500;43000;43500;44000;44500;45000;45500;46000;46500;47000;47500;48000;48500;49000;49500;50000;50500;51000;51500;52000;52500;53000;53500;54000;54500;55000;55500;56000;56500;57000;57500;58500;59000;59500;60000,0.0;0.0;0.0;0.0;0.0;0.0;0.0;0.0;0.0;0.0;0.0;0.0;0.006060606060606061;0.0;0.0;0.0;0.0;0.005813953488372093;0.0;0.0;0.0;0.0;0.0;0.0;0.0;0.0;0.0;0.0;0.0;0.0;0.0;0.012903225806451613;0.0;0.008547008547008548;0.0;0.0;0.0;0.0;0.0;0.0;0.0;0.0;0.0;0.0;0.0;0.004464285714285714;0.0;0.005319148936170213;0.05405405405405406;0.0547945205479452;0.050955414012738856;0.4172661870503597;0.13227513227513227;0.10810810810810811;0.02717391304347826;0.05555555555555555;0.07009345794392523;0.02727272727272727;0.1259259259259259;0.19130434782608696;0.08163265306122448;0.05128205128205128;0.11560693641618497;0.08771929824561403;0.043010752688172046;0.04864864864864865;0.024193548387096774;0.0;0.015706806282722512;0.0;0.014598540145985401;0.0;0.04807692307692308;0.0136986301369863;0.056910569105691054;0.08542713567839195;0.046875;0.027777777777777776;0.09326424870466321;0.08064516129032258;0.025;0.07692307692307693;0.2;0.031746031746031744;0.05309734513274336;0.015625;0.030303030303030304;0.0;0.06818181818181818;0.10344827586206896;0.05970149253731343;0.0;0.02040816326530612;0.05084745762711865;0.08333333333333333;0.018404907975460124;0.044444444444444446;0.019230769230769232;0.06976744186046512;0.0;0.0;0.0;0.045454545454545456;0.04081632653061224;0.0;0.0;0.0;0.023148148148148147;0.02040816326530612;0.03398058252427184;0.0;0.13043478260869565;0.031746031746031744;0.014084507042253521;0.025477707006369428;0.011235955056179775;0.014492753623188406,ECB_00068
76817,thiP,C->T,missense,3.53116,0.00389961,119,-1.0,0.923077,0;500;1000;1500;2000;2500;3000;3500;4000;4500;5000;5500;6000;6500;7000;7500;8000;8500;9000;9500;10000;10500;11000;11500;12000;12500;13000;13500;14000;14500;15000;15500;16000;16500;17000;17500;18000;18500;19000;19500;20000;20500;21000;22000;22500;23000;23500;24000;24500;25000;25500;26000;26500;27000;27500;28000;28500;29000;29500;30000;30500;31000;31500;32500;33000;33500;34000;34500;35000;35500;36000;36500;37000;37500;38500;39000;39500;40000;40500;41000;41500;42000;42500;43000;43500;44000;44500;45000;45500;46000;46500;47000;47500;48000;48500;49000;49500;50000;50500;51000;51500;52000;52500;53000;53500;54000;54500;55000;55500;56000;56500;57500;58500;59000;59500;60000,0.0;0.0;0.0;0.0;0.021739130434782608;0.0;0.0;0.0;0.0;0.0;0.0;0.0;0.0;0.0;0.0;0.0;0.0;0.0;0.0;0.0;0.0;0.0;0.0;0.0;0.0;0.0;0.0;0.0;0.0;0.0;0.0;0.0;0.0;0.0;0.0;0.0;0.0;0.0;0.0;0.0;0.0;0.0;0.0;0.0;0.0;0.0;0.0;0.0;0.0;0.0;0.0;0.0;0.0;0.0;0.0;0.0;0.047058823529411764;0.0;0.16981132075471697;0.09302325581395349;0.017857142857142856;0.0;0.0;0.0;0.0;0.0;0.017241379310344827;0.0;0.0;0.0;0.0;0.0;0.0;0.0;0.0;0.0;0.0;0.0;0.0;0.0;0.0;0.0;0.0;0.0;0.0;0.0;0.0;0.0;0.0;0.0;0.0;0.0;0.0;0.0;0.0;0.0;0.0;0.0;0.0;0.0;0.0;0.0;0.0;0.0;0.0;0.0;0.0;0.0;0.0;0.0;0.0;0.0;0.0;0.0;0.0;0.0,ECB_00069
77271,thiP,C->T,missense,2.00781,0.026941,119,-1.0,0.666667,0;500;1000;1500;2000;2500;3000;3500;4000;4500;5000;5500;6000;6500;7000;7500;8000;8500;9000;9500;10000;10500;11000;11500;12000;12500;13000;13500;14000;14500;15000;15500;16000;16500;17000;17500;18000;18500;19000;19500;20000;20500;21000;22000;22500;23000;23500;24000;24500;25000;25500;26000;26500;27000;27500;28000;28500;29000;29500;30000;30500;31000;31500;32500;33000;33500;34000;34500;35000;35500;36000;36500;37000;37500;38500;39000;39500;40000;40500;41000;41500;42000;42500;43000;43500;44000;44500;45000;45500;46000;46500;47000;47500;48000;49000;49500;50000;50500;51000;51500;52000;52500;53000;53500;54000;54500;55000;55500;56000;56500;57500;58500;59000;59500;60000,0.0;0.0;0.0;0.0;0.0;0.0;0.0;0.0;0.0;0.03896103896103896;0.030303030303030304;0.03278688524590164;0.03636363636363636;0.0;0.0;0.0;0.0;0.0;0.0;0.0;0.0;0.0;0.0;0.0;0.0;0.0;0.0;0.0;0.0;0.0;0.0;0.0;0.0;0.0;0.0;0.0;0.0;0.0;0.0;0.0;0.0;0.0;0.0;0.0;0.01;0.0;0.0;0.012658227848101266;0.0;0.0;0.0;0.0;0.0;0.0;0.0;0.0;0.0;0.0;0.018518518518518517;0.16455696202531644;0.043478260869565216;0.0;0.0;0.0;0.0;0.0;0.0;0.0;0.015384615384615385;0.0;0.0;0.0;0.0;0.0;0.0;0.0;0.0;0.0;0.0;0.0;0.0;0.0;0.0;0.0;0.0;0.0;0.0;0.0;0.0;0.0;0.0;0.0;0.043478260869565216;0.0;0.0;0.0;0.0;0.0;0.0;0.0;0.0;0.0;0.0;0.0;0.0;0.0;0.0;0.007352941176470588;0.0;0.0;0.0;0.0;0.0;0.0;0.0,ECB_00069
77552,tbpA,C->T,missense,3.14276,0.00029997,119,-1.0,0.0451128,0;500;1000;1500;2000;2500;3000;3500;4000;4500;5000;5500;6000;6500;7000;7500;8000;8500;9000;9500;10000;10500;11000;11500;12000;12500;13000;13500;14000;14500;15000;15500;16000;16500;17000;17500;18000;18500;19000;19500;20000;20500;21000;22000;22500;23000;23500;24000;24500;25000;25500;26000;26500;27000;27500;28000;28500;29000;29500;30000;30500;31000;31500;32500;33000;33500;34000;34500;35000;35500;36000;36500;37000;37500;38500;39000;39500;40000;40500;41000;41500;42000;42500;43000;43500;44000;44500;45000;45500;46000;46500;47000;47500;48000;48500;49000;49500;50000;50500;51000;51500;52000;52500;53000;53500;54000;54500;55000;55500;56000;56500;57500;58500;59000;59500;60000,0.0;0.0;0.0;0.0;0.0;0.0;0.0;0.0;0.0;0.0;0.0;0.0;0.0;0.0;0.0;0.0;0.0;0.0;0.0;0.0;0.0;0.0;0.0;0.0;0.0;0.0273972602739726;0.0;0.0;0.0;0.023255813953488372;0.0;0.0;0.0;0.0;0.0;0.0;0.037037037037037035;0.0;0.0;0.0;0.0;0.0;0.018518518518518517;0.0;0.0;0.0;0.0;0.0;0.0;0.0;0.024390243902439025;0.0;0.0;0.0;0.0;0.0;0.0;0.0;0.0;0.0;0.0;0.0;0.0;0.0;0.0;0.0;0.0;0.0;0.0;0.0;0.0;0.0;0.0;0.0;0.09803921568627451;0.06060606060606061;0.13432835820895522;0.16666666666666666;0.07317073170731707;0.06896551724137931;0.0;0.0;0.0;0.0;0.0;0.0;0.0;0.0;0.0;0.0;0.0;0.0;0.0;0.0;0.0;0.0;0.0;0.0;0.0;0.0;0.0;0.0;0.0;0.0;0.0;0.0;0.0;0.0;0.0;0.0;0.0;0.0;0.0;0.0;0.0;0.0,ECB_00070
79667,yabN,A->G,missense,5.38768,0.00039996,119,-1.0,0.285714,0;500;1000;1500;2000;2500;3000;3500;4000;4500;5000;5500;6000;6500;7000;7500;8000;8500;9000;9500;10000;10500;11000;11500;12000;12500;13000;13500;14000;14500;15000;15500;16000;16500;17000;17500;18000;18500;19000;19500;20000;20500;21000;22000;22500;23000;23500;24000;24500;25000;25500;26000;26500;27000;27500;28000;28500;29000;29500;30000;30500;31000;31500;32500;33000;33500;34000;34500;35000;35500;36000;36500;37000;37500;38500;39000;39500;40000;40500;41000;41500;42000;42500;43000;43500;44000;44500;45000;45500;46000;46500;47000;47500;48000;48500;49000;49500;50000;50500;51000;51500;52000;52500;53000;53500;54000;54500;55000;55500;56000;56500;57000;57500;58500;59000;59500;60000,0.0;0.0;0.0;0.0;0.0;0.0;0.0;0.0;0.0;0.0;0.0;0.0;0.0;0.03571428571428571;0.59375;0.65;0.30612244897959184;0.0;0.008620689655172414;0.017543859649122806;0.010526315789473684;0.0;0.0;0.0;0.0;0.0;0.0;0.0;0.0;0.0;0.0;0.0;0.0;0.0;0.0;0.0;0.0;0.0;0.008547008547008548;0.0;0.0;0.0;0.0;0.0;0.0;0.0;0.0;0.0;0.0;0.0;0.0;0.0;0.0;0.0;0.0;0.0;0.0;0.0;0.0;0.0;0.0;0.0;0.0;0.0;0.0;0.0;0.0;0.0;0.0;0.0;0.0;0.0;0.0;0.0;0.0;0.0;0.0;0.0;0.0;0.0;0.0;0.0;0.0;0.0;0.0;0.0;0.0;0.0;0.0;0.0;0.0;0.0;0.0;0.0;0.0;0.0;0.0;0.0;0.0;0.0;0.0;0.0;0.0;0.0;0.0;0.0;0.0;0.0;0.0;0.0;0.0;0.0;0.0;0.0;0.0;0.0;0.0,ECB_00071
80389,setA,indel;C;+TT;+T;-1;T;-2,indel,1.02177,0.00029997,119,-1.0,0.4,0;500;1000;1500;2000;2500;3000;3500;4000;4500;5000;5500;6000;6500;7000;7500;8000;8500;9000;9500;10000;10500;11000;11500;12000;12500;13000;13500;14000;14500;15000;15500;16000;16500;17000;17500;18000;18500;19000;19500;20000;20500;21000;22000;22500;23000;23500;24000;24500;25000;25500;26000;26500;27000;27500;28000;28500;29000;29500;30000;30500;31000;31500;32500;33000;33500;34000;34500;35000;35500;36000;36500;37000;37500;38500;39000;39500;40000;40500;41000;41500;42000;42500;43000;43500;44000;44500;45000;45500;46000;46500;47000;47500;48000;48500;49000;49500;50000;50500;51000;51500;52000;52500;53000;53500;54000;54500;55000;55500;56000;56500;57000;57500;58500;59000;59500;60000,0.0;0.0;0.0;0.0;0.0;0.0;0.0;0.013333333333333334;0.007751937984496124;0.014084507042253521;0.010101010101010102;0.02586206896551724;0.014184397163120567;0.0;0.011764705882352941;0.00980392156862745;0.0196078431372549;0.0;0.01951219512195122;0.07909604519774012;0.07738095238095238;0.0;0.02531645569620253;0.014598540145985401;0.00625;0.005917159763313609;0.02097902097902098;0.01990049751243781;0.029411764705882353;0.029411764705882353;0.0064516129032258064;0.01910828025477707;0.028037383177570093;0.006369426751592357;0.0;0.01904761904761905;0.036036036036036036;0.02336448598130841;0.028708133971291867;0.0;0.00819672131147541;0.0;0.0;0.030612244897959183;0.00684931506849315;0.0072992700729927005;0.0;0.029411764705882353;0.06666666666666667;0.09375;0.13157894736842105;0.44;0.22435897435897437;0.19548872180451127;0.043478260869565216;0.13445378151260504;0.09883720930232558;0.0;0.1282051282051282;0.20833333333333334;0.2736842105263158;0.0975609756097561;0.19736842105263158;0.11678832116788321;0.11538461538461539;0.09166666666666666;0.06493506493506493;0.034013605442176874;0.0784313725490196;0.04;0.0967741935483871;0.06944444444444445;0.05;0.020833333333333332;0.05555555555555555;0.24358974358974358;0.058333333333333334;0.0855614973262032;0.18407960199004975;0.0851063829787234;0.08823529411764706;0.061224489795918366;0.05;0.07432432432432433;0.10526315789473684;0.04739336492890995;0.0;0.07692307692307693;0.0;0.0;0.04477611940298507;0.03278688524590164;0.0;0.05;0.07142857142857142;0.014925373134328358;0.04035874439461883;0.06018518518518518;0.13043478260869565;0.0;0.0;0.017241379310344827;0.02040816326530612;0.030303030303030304;0.027777777777777776;0.013888888888888888;0.0;0.022727272727272728;0.05652173913043478;0.018867924528301886;0.04878048780487805;0.0;0.028169014084507043;0.0;0.03289473684210526;0.0;0.0,ECB_00072
83320,leuC,C->T,missense,1.58481,9.999e-05,119,-1.0,0.363636,0;500;1000;1500;2000;2500;3000;3500;4000;4500;5000;5500;6000;6500;7000;7500;8000;8500;9000;9500;10000;10500;11000;11500;12000;12500;13000;13500;14000;14500;15000;15500;16000;16500;17000;17500;18000;18500;19000;19500;20000;20500;21000;22000;22500;23000;23500;24000;24500;25000;25500;26000;26500;27000;27500;28000;28500;29000;29500;30000;30500;31000;31500;32500;33000;33500;34000;34500;35000;35500;36000;36500;37000;37500;38500;39000;39500;40000;40500;41000;41500;42000;42500;43000;43500;44000;44500;45000;45500;46000;46500;47000;47500;48000;48500;49000;49500;50000;50500;51000;51500;52000;52500;53000;53500;54000;54500;55000;55500;56000;56500;57000;57500;58500;59000;59500;60000,0.0;0.0;0.0;0.0;0.0;0.0;0.0;0.0;0.0;0.0;0.0;0.0;0.0;0.0;0.0;0.0;0.0;0.0;0.007042253521126761;0.005952380952380952;0.0;0.0;0.0;0.0;0.0;0.0;0.0;0.0;0.0;0.0;0.011627906976744186;0.05172413793103448;0.011904761904761904;0.0;0.0;0.0;0.0;0.0;0.0;0.009009009009009009;0.0;0.0;0.0;0.0;0.0;0.0;0.0;0.012048192771084338;0.0;0.0;0.0;0.0;0.022900763358778626;0.03007518796992481;0.04310344827586207;0.07476635514018691;0.022988505747126436;0.015384615384615385;0.07142857142857142;0.041666666666666664;0.021052631578947368;0.0;0.011904761904761904;0.0;0.007874015748031496;0.0;0.0;0.0;0.0;0.0;0.0;0.0;0.0;0.0;0.0;0.030303030303030304;0.1557377049180328;0.4714285714285714;0.5755395683453237;0.8333333333333334;0.9047619047619048;0.8222222222222222;1.0;0.9540229885057471;0.917098445595855;0.9657142857142857;0.8;1.0;0.9117647058823529;1.0;0.9811320754716981;1.0;1.0;0.9583333333333334;1.0;0.9694656488549618;0.9757281553398058;0.9166666666666666;0.9565217391304348;0.9565217391304348;0.9629629629629629;0.975;1.0;1.0;1.0;1.0;1.0;0.9683544303797469;0.9775280898876404;0.9716981132075472;0.9636363636363636;1.0;0.9444444444444444;0.972972972972973;0.9823008849557522;0.9464285714285714;1.0,ECB_00074
85652,leuA,C->T,missense,3.13035,0.00079992,119,-1.0,0.363636,0;500;1000;1500;2000;2500;3000;3500;4000;4500;5000;5500;6000;6500;7000;7500;8000;8500;9000;9500;10000;10500;11000;11500;12000;12500;13000;13500;14000;14500;15000;15500;16000;16500;17000;17500;18000;18500;19000;19500;20000;20500;21000;22000;22500;23000;23500;24000;24500;25000;25500;26000;26500;27000;27500;28000;28500;29000;29500;30000;30500;31000;31500;32500;33000;33500;34000;34500;35000;35500;36000;36500;37000;37500;38500;39000;39500;40000;40500;41000;41500;42000;42500;43000;43500;44000;44500;45000;45500;46000;46500;47000;47500;48000;48500;49000;49500;50000;50500;51000;51500;52000;52500;53000;53500;54000;54500;55000;55500;56000;56500;57000;57500;58500;59000;59500;60000,0.0;0.0;0.0;0.0;0.0;0.0;0.0;0.0;0.0;0.015503875968992248;0.0;0.010869565217391304;0.0;0.0;0.0;0.0;0.0;0.0;0.0;0.0;0.0;0.0;0.010416666666666666;0.0;0.0;0.0;0.008620689655172414;0.0;0.009009009009009009;0.01639344262295082;0.0;0.0;0.0;0.0;0.0;0.0;0.0;0.0;0.0;0.0;0.0;0.007575757575757576;0.0;0.0;0.0;0.0;0.0;0.0;0.0;0.0;0.01639344262295082;0.0;0.0;0.0;0.0;0.0;0.0;0.0;0.0;0.0;0.0;0.017241379310344827;0.0;0.0;0.011363636363636364;0.0;0.016129032258064516;0.0;0.0;0.0;0.0;0.0;0.0;0.0;0.0;0.09803921568627451;0.20408163265306123;0.08695652173913043;0.09782608695652174;0.0;0.0;0.0;0.0;0.0;0.0;0.012121212121212121;0.05263157894736842;0.0;0.0;0.0;0.0;0.0;0.0;0.0;0.0;0.0;0.0;0.0;0.0;0.0;0.0;0.0;0.0;0.0;0.0;0.0;0.0;0.0;0.0;0.0;0.0;0.0;0.0;0.0;0.0;0.027777777777777776;0.0,ECB_00076
86505,leuL,T->C,missense,3.86272,0.00029997,119,-1.0,0.25,0;500;1000;1500;2000;2500;3000;3500;4000;4500;5000;5500;6000;6500;7000;7500;8000;8500;9000;9500;10000;10500;11000;11500;12000;12500;13000;13500;14000;14500;15000;15500;16000;16500;17000;17500;18000;18500;19000;19500;20000;20500;21000;22000;22500;23000;23500;24000;24500;25000;25500;26000;26500;27000;27500;28000;28500;29000;29500;30000;30500;31000;31500;32500;33000;33500;34000;34500;35000;35500;36000;36500;37000;37500;38500;39000;39500;40000;40500;41000;41500;42000;42500;43000;43500;44000;44500;45000;45500;46000;46500;47000;47500;48000;48500;49000;49500;50000;50500;51000;51500;52000;52500;53000;53500;54000;54500;55000;55500;56000;56500;57000;57500;58500;59000;59500;60000,0.0;0.0;0.0;0.0;0.0;0.0;0.0;0.0;0.0;0.0;0.0;0.0;0.0;0.0;0.0;0.0;0.0;0.0;0.0;0.0;0.007352941176470588;0.0;0.0;0.0;0.0;0.0;0.0;0.0;0.0;0.0;0.0;0.0;0.0;0.0;0.0;0.0;0.0;0.0;0.0;0.0;0.0;0.0;0.0;0.0;0.0;0.0;0.0;0.0;0.0;0.0;0.0;0.0;0.0;0.0;0.0;0.0;0.0;0.0;0.0;0.0;0.0;0.0;0.0;0.0;0.0;0.0;0.03076923076923077;0.0;0.0;0.0;0.0;0.0;0.0;0.0;0.2692307692307692;0.3448275862068966;0.2755102040816326;0.1717171717171717;0.02054794520547945;0.0;0.0;0.0;0.0;0.0;0.0;0.0;0.0;0.0;0.0;0.0;0.0;0.0;0.0;0.0;0.0;0.0;0.0;0.0;0.0;0.0;0.0;0.0;0.0;0.0;0.0;0.0;0.0;0.0;0.006369426751592357;0.008;0.0;0.0;0.0;0.0;0.0;0.0;0.0,ECB_00077
89965,ilvI,A->G,missense,3.60451,9.999e-05,119,-1.0,0.444444,0;500;1000;1500;2000;2500;3000;3500;4000;4500;5000;5500;6000;6500;7000;7500;8000;8500;9000;9500;10000;10500;11000;11500;12000;12500;13000;13500;14000;14500;15000;15500;16000;16500;17000;17500;18000;18500;19000;19500;20000;20500;21000;22000;22500;23000;23500;24000;24500;25000;25500;26000;26500;27000;27500;28000;28500;29000;29500;30000;30500;31000;31500;32500;33000;33500;34000;34500;35000;35500;36000;36500;37000;37500;38500;39000;39500;40000;40500;41000;41500;42000;42500;43000;43500;44000;44500;45000;45500;46000;46500;47000;47500;48000;48500;49000;49500;50000;50500;51000;51500;52000;52500;53000;53500;54000;54500;55000;55500;56000;56500;57000;57500;58500;59000;59500;60000,0.0;0.0;0.0;0.0;0.0;0.0;0.0;0.0;0.0;0.0;0.0;0.0;0.0;0.0;0.0;0.0;0.0;0.0;0.0;0.0;0.0;0.0;0.0;0.0;0.0;0.0;0.0;0.0;0.0;0.008064516129032258;0.0;0.0;0.0;0.3050847457627119;0.3879310344827586;0.3068181818181818;0.08843537414965986;0.1836734693877551;0.0374331550802139;0.06382978723404255;0.0196078431372549;0.0;0.0;0.0;0.0;0.0;0.0;0.0;0.0;0.0;0.0;0.0;0.0;0.0;0.0;0.0;0.0;0.0;0.0;0.0;0.0;0.0;0.0;0.0;0.0;0.0;0.0;0.0;0.0;0.0;0.0;0.0;0.0;0.0;0.0;0.0;0.0;0.0;0.0;0.0;0.0;0.0;0.0;0.0;0.0;0.0;0.0;0.0;0.0;0.0;0.0;0.0;0.0;0.0;0.0;0.0;0.0;0.0;0.0;0.0;0.0;0.0;0.0;0.0;0.0;0.0;0.0;0.0;0.0;0.0;0.0;0.0;0.0;0.0;0.0;0.0;0.0,ECB_00079
94365,ftsI,C->T,missense,0.985621,9.999e-05,119,-1.0,0.8,0;500;1000;1500;2000;2500;3000;3500;4000;4500;5000;5500;6000;6500;7000;7500;8000;8500;9000;9500;10000;10500;11000;11500;12000;12500;13000;13500;14000;14500;15000;15500;16000;16500;17000;17500;18000;18500;19000;19500;20000;20500;21000;22000;22500;23000;23500;24000;24500;25000;25500;26000;26500;27000;27500;28000;28500;29000;29500;30000;30500;31000;31500;32500;33000;33500;34000;34500;35000;35500;36000;36500;37000;37500;38500;39000;39500;40000;40500;41000;41500;42000;43000;43500;44000;44500;45000;45500;46000;46500;47000;47500;48000;48500;49000;49500;50000;50500;51000;51500;52000;52500;53000;53500;54000;54500;55000;55500;56000;56500;57000;57500;58500;59000;59500;60000,0.0;0.0;0.0;0.0;0.0;0.42857142857142855;0.46808510638297873;1.0;0.9555555555555556;1.0;1.0;0.9811320754716981;1.0;1.0;1.0;1.0;1.0;1.0;0.9906542056074766;0.9917355371900827;1.0;1.0;1.0;1.0;1.0;1.0;0.9836065573770492;1.0;1.0;1.0;1.0;1.0;1.0;1.0;1.0;1.0;0.989010989010989;1.0;1.0;1.0;1.0;0.9861111111111112;1.0;1.0;1.0;1.0;1.0;1.0;1.0;1.0;0.9838709677419355;1.0;1.0;1.0;1.0;1.0;1.0;1.0;1.0;1.0;1.0;1.0;1.0;0.9886363636363636;1.0;1.0;1.0;1.0;1.0;1.0;1.0;1.0;1.0;1.0;1.0;1.0;0.989010989010989;1.0;1.0;1.0;1.0;1.0;1.0;1.0;1.0;1.0;1.0;1.0;1.0;1.0;1.0;1.0;1.0;1.0;1.0;1.0;1.0;1.0;1.0;1.0;1.0;1.0;1.0;1.0;1.0;1.0;1.0;1.0;0.9911504424778761;0.95;1.0;1.0;1.0;1.0;1.0;1.0,ECB_00085
94511,ftsI,C->T,missense,2.25936,0.020669,119,-1.0,0.75,0;500;1000;1500;2000;2500;3000;3500;4000;4500;5000;5500;6000;6500;7000;7500;8000;8500;9000;9500;10000;10500;11000;11500;12000;12500;13000;13500;14000;14500;15000;15500;16000;16500;17000;17500;18000;18500;19000;19500;20000;20500;21000;22000;22500;23000;23500;24000;24500;25000;25500;26000;26500;27000;27500;28000;28500;29000;29500;30000;30500;31000;31500;32500;33000;33500;34000;34500;35000;35500;36000;36500;37000;37500;38500;39000;39500;40000;40500;41000;41500;42000;42500;43000;43500;44000;44500;45000;45500;46000;46500;47000;47500;48000;48500;49000;49500;50000;50500;51000;51500;52000;52500;53000;53500;54000;54500;55000;55500;56000;56500;57000;57500;58500;59000;59500;60000,0.0;0.0;0.0;0.0125;0.0;0.0;0.0;0.0;0.0;0.0;0.0;0.0;0.0;0.0;0.0;0.0;0.0;0.0;0.0;0.0;0.0;0.0;0.0;0.0;0.0;0.007936507936507936;0.0;0.006711409395973154;0.0;0.0;0.0;0.0;0.0;0.17647058823529413;0.04;0.0;0.052083333333333336;0.01020408163265306;0.0;0.0;0.0;0.0;0.0;0.0;0.0;0.0;0.0;0.0;0.0;0.017857142857142856;0.0;0.0;0.0;0.011363636363636364;0.0;0.0;0.0;0.0;0.0;0.0;0.0;0.0;0.0;0.0;0.0;0.0;0.0;0.0;0.0;0.0;0.022222222222222223;0.0;0.0;0.0;0.0;0.0;0.0;0.0;0.0;0.0;0.0;0.0;0.0;0.0;0.0;0.0;0.0;0.0;0.0;0.0;0.0;0.0;0.0;0.0;0.0;0.0;0.0;0.0;0.0;0.0;0.0;0.0;0.0;0.0;0.0;0.0;0.0;0.0;0.0;0.0;0.0;0.0;0.0;0.0;0.0;0.0;0.0,ECB_00085
